"","V2","V3","V4","V5","V6","V7","V8","V9","V10","V11","V12","V13","V14","V15","V16","V17","V18","V19","V20","V21","V22","V23","V24","V25","V26"
"1",1,6,4,12,5,5,3,4,1,67,3,2,1,2,1,0,0,1,0,0,1,0,0,1,"a"
"2",2,48,2,60,1,3,2,2,1,22,3,1,1,1,1,0,0,1,0,0,1,0,0,1,"b"
"3",4,12,4,21,1,4,3,3,1,49,3,1,2,1,1,0,0,1,0,0,1,0,1,0,"a"
"4",1,42,2,79,1,4,3,4,2,45,3,1,2,1,1,0,0,0,0,0,0,0,0,1,"a"
"5",1,24,3,49,1,3,3,4,4,53,3,2,2,1,1,1,0,1,0,0,0,0,0,1,"b"
"6",4,36,2,91,5,3,3,4,4,35,3,1,2,2,1,0,0,1,0,0,0,0,1,0,"a"
"7",4,24,2,28,3,5,3,4,2,53,3,1,1,1,1,0,0,1,0,0,1,0,0,1,"a"
"8",2,36,2,69,1,3,3,2,3,35,3,1,1,2,1,0,1,1,0,1,0,0,0,0,"a"
"9",4,12,2,31,4,4,1,4,1,61,3,1,1,1,1,0,0,1,0,0,1,0,1,0,"a"
"10",2,30,4,52,1,1,4,2,3,28,3,2,1,1,1,1,0,1,0,0,1,0,0,0,"b"
"11",2,12,2,13,1,2,2,1,3,25,3,1,1,1,1,1,0,1,0,1,0,0,0,1,"b"
"12",1,48,2,43,1,2,2,4,2,24,3,1,1,1,1,0,0,1,0,1,0,0,0,1,"b"
"13",2,12,2,16,1,3,2,1,3,22,3,1,1,2,1,0,0,1,0,0,1,0,0,1,"a"
"14",1,24,4,12,1,5,3,4,3,60,3,2,1,1,1,1,0,1,0,0,1,0,1,0,"b"
"15",1,15,2,14,1,3,2,4,3,28,3,1,1,1,1,1,0,1,0,1,0,0,0,1,"a"
"16",1,24,2,13,2,3,2,2,3,32,3,1,1,1,1,0,0,1,0,0,1,0,1,0,"b"
"17",4,24,4,24,5,5,3,4,2,53,3,2,1,1,1,0,0,1,0,0,1,0,0,1,"a"
"18",1,30,0,81,5,2,3,3,3,25,1,3,1,1,1,0,0,1,0,0,1,0,0,1,"a"
"19",2,24,2,126,1,5,2,2,4,44,3,1,1,2,1,0,1,1,0,0,0,0,0,0,"b"
"20",4,24,2,34,3,5,3,2,3,31,3,1,2,2,1,0,0,1,0,0,1,0,0,1,"a"
"21",4,9,4,21,1,3,3,4,3,48,3,3,1,2,1,1,0,1,0,0,1,0,0,1,"a"
"22",1,6,2,26,3,3,3,3,1,44,3,1,2,1,1,0,0,1,0,1,0,0,0,1,"a"
"23",1,10,4,22,1,2,3,3,1,48,3,2,2,1,2,1,0,1,0,1,0,0,1,0,"a"
"24",2,12,4,18,2,2,3,4,2,44,3,1,1,1,1,0,1,1,0,0,1,0,0,1,"a"
"25",4,10,4,21,5,3,4,1,3,26,3,2,1,1,2,0,0,1,0,0,1,0,0,1,"a"
"26",1,6,2,14,1,3,3,2,1,36,1,1,1,2,1,0,0,1,0,0,1,0,1,0,"a"
"27",4,6,0,4,1,5,4,4,3,39,3,1,1,1,1,0,0,1,0,0,1,0,1,0,"a"
"28",3,12,1,4,4,3,2,3,1,42,3,2,1,1,1,0,0,1,0,1,0,0,0,1,"a"
"29",2,7,2,24,1,3,3,2,1,34,3,1,1,1,1,0,0,0,0,0,1,0,0,1,"a"
"30",1,60,3,68,1,5,3,4,4,63,3,2,1,2,1,0,0,1,0,0,1,0,0,1,"b"
"31",2,18,2,19,4,2,4,3,1,36,1,1,1,2,1,0,0,1,0,0,1,0,0,1,"a"
"32",1,24,2,40,1,3,3,2,3,27,2,1,1,1,1,0,0,1,0,0,1,0,0,1,"a"
"33",2,18,2,59,2,3,3,2,3,30,3,2,1,2,1,1,0,1,0,0,1,0,0,1,"a"
"34",4,12,4,13,5,5,3,4,4,57,3,1,1,1,1,0,0,1,0,1,0,0,1,0,"a"
"35",3,12,2,15,1,2,2,1,2,33,1,1,1,2,1,0,0,1,0,0,1,0,0,0,"a"
"36",2,45,4,47,1,2,3,2,2,25,3,2,1,1,1,0,0,1,0,0,1,0,1,0,"b"
"37",4,48,4,61,1,3,3,3,4,31,1,1,1,2,1,0,0,1,0,0,0,0,0,1,"a"
"38",3,18,2,21,1,3,3,2,1,37,2,1,1,1,1,0,0,0,1,0,1,0,0,1,"b"
"39",3,10,2,12,1,3,3,2,3,37,3,1,1,2,1,0,0,1,0,0,1,0,0,1,"a"
"40",2,9,2,5,1,3,3,3,1,24,3,1,1,1,1,0,0,1,0,0,1,0,0,1,"a"
"41",4,30,2,23,3,5,3,2,3,30,1,1,1,1,1,0,0,1,0,0,1,0,0,0,"a"
"42",2,12,2,12,3,3,1,1,3,26,3,1,1,2,1,0,0,1,0,0,1,0,0,1,"a"
"43",2,18,3,62,1,3,3,4,1,44,3,1,2,2,1,0,0,1,0,0,1,0,1,0,"a"
"44",1,30,4,62,2,4,4,4,3,24,3,2,1,1,1,0,1,1,0,1,0,0,0,1,"a"
"45",1,48,4,61,1,5,2,4,4,58,2,2,1,1,1,0,1,1,0,0,0,0,1,0,"b"
"46",4,11,4,14,1,2,2,4,3,35,3,2,1,1,1,1,0,1,0,0,1,0,0,0,"a"
"47",4,36,2,23,3,5,3,4,3,39,3,1,1,1,1,0,0,1,0,0,1,0,0,1,"a"
"48",1,6,2,14,3,1,2,2,2,23,3,1,1,2,1,0,1,1,0,1,0,1,0,0,"a"
"49",4,11,4,72,1,3,3,4,2,39,3,2,1,1,1,1,0,1,0,0,1,0,1,0,"a"
"50",4,12,2,21,2,3,2,2,1,28,3,1,1,1,1,0,0,0,1,0,1,0,0,1,"a"
"51",2,24,3,23,5,2,3,2,2,29,1,1,1,1,1,0,0,1,0,0,1,0,1,0,"a"
"52",2,27,3,60,1,5,3,2,3,30,3,2,1,2,1,0,1,1,0,0,1,0,0,0,"a"
"53",4,12,2,13,1,3,3,2,3,25,3,1,1,1,1,0,0,1,0,0,1,0,0,1,"a"
"54",4,18,2,34,5,3,3,1,2,31,3,1,1,2,1,0,1,1,0,0,1,0,0,1,"a"
"55",2,36,3,22,1,5,3,4,4,57,1,2,1,2,1,1,0,1,0,0,0,0,0,1,"b"
"56",4,6,1,8,5,3,3,2,1,26,2,1,2,1,1,1,0,0,0,0,1,0,1,0,"a"
"57",2,12,2,65,5,1,3,1,4,52,3,1,1,2,1,0,0,1,0,0,1,0,0,0,"b"
"58",4,36,4,96,1,3,2,2,3,31,2,2,1,1,1,0,0,1,0,0,1,0,0,1,"a"
"59",3,18,2,20,1,5,2,2,3,23,3,1,1,1,1,1,0,1,0,0,1,0,0,0,"a"
"60",1,36,4,62,1,2,2,4,4,23,3,2,1,2,1,0,0,0,1,1,0,0,1,0,"b"
"61",2,9,2,14,1,3,4,1,1,27,1,1,1,2,1,0,0,1,0,0,1,0,0,1,"a"
"62",2,15,4,15,5,5,3,4,1,50,3,2,1,2,1,0,0,0,0,0,1,0,0,1,"a"
"63",2,36,0,20,1,5,3,4,4,61,3,1,1,2,1,0,0,1,0,0,0,0,0,0,"b"
"64",2,48,0,144,1,3,3,2,3,25,3,1,1,2,1,0,0,1,0,0,1,0,0,1,"b"
"65",4,24,2,32,1,2,2,4,2,26,3,1,1,2,1,0,0,1,0,0,1,0,0,1,"a"
"66",4,27,2,52,5,5,3,4,2,48,3,4,2,2,1,0,0,1,0,0,1,0,0,1,"a"
"67",4,12,2,22,1,2,2,2,3,29,1,1,1,1,1,0,0,1,0,0,1,0,0,1,"a"
"68",2,12,2,10,4,3,4,1,1,22,3,1,1,1,1,1,0,1,0,0,1,0,0,1,"a"
"69",4,36,2,18,1,3,3,4,4,37,2,1,1,2,1,0,0,1,0,0,0,0,0,1,"b"
"70",4,36,2,24,5,3,2,4,3,25,3,1,1,1,1,0,0,1,0,0,1,0,0,1,"a"
"71",4,36,2,81,1,3,2,2,2,30,1,1,1,1,1,0,1,1,0,0,1,0,0,1,"a"
"72",4,7,4,7,5,5,3,2,2,46,3,2,1,2,1,0,0,1,0,1,0,0,1,0,"a"
"73",1,8,4,12,1,5,3,4,4,51,1,2,2,2,1,0,0,1,0,0,0,0,0,0,"a"
"74",2,42,4,60,1,4,2,1,1,41,1,2,1,1,1,0,0,1,0,0,1,0,1,0,"a"
"75",1,36,2,20,5,5,3,4,4,40,3,1,1,2,1,0,0,1,0,0,1,0,0,0,"b"
"76",1,12,4,15,1,5,3,4,4,66,3,2,1,1,1,0,1,1,0,0,0,0,0,0,"a"
"77",1,42,2,40,1,2,3,3,3,34,3,1,1,1,1,0,0,1,0,0,1,0,0,1,"b"
"78",2,11,3,48,1,4,3,4,2,51,3,1,1,1,1,0,0,1,0,0,1,0,0,1,"a"
"79",4,54,0,94,5,3,3,2,2,39,3,1,2,1,1,0,1,1,0,0,1,0,1,0,"a"
"80",2,30,2,38,1,2,4,1,2,22,3,1,1,1,1,0,0,1,0,0,1,0,0,1,"a"
"81",4,24,2,59,5,2,2,1,3,44,3,2,1,2,1,0,0,1,0,0,1,0,0,1,"b"
"82",4,15,2,12,3,5,3,3,2,47,2,1,1,2,1,0,0,1,0,0,1,0,0,1,"a"
"83",4,18,2,16,2,3,2,4,2,24,3,1,1,1,1,0,0,1,0,1,0,0,1,0,"a"
"84",1,24,2,18,1,5,2,4,1,58,3,1,1,2,1,0,0,0,0,0,1,0,1,0,"a"
"85",1,10,2,23,1,5,3,4,1,52,3,1,1,1,1,0,0,1,0,0,1,0,1,0,"a"
"86",4,12,4,14,1,3,2,2,1,29,3,2,1,2,1,0,0,0,0,0,1,0,0,0,"a"
"87",2,18,4,13,1,2,2,1,2,27,3,2,1,1,1,0,0,1,0,0,1,0,0,1,"a"
"88",2,36,2,126,2,3,3,4,4,47,3,1,2,2,1,0,0,1,0,0,0,0,0,1,"b"
"89",1,18,2,22,2,4,3,3,3,30,3,1,2,2,1,1,0,1,0,0,1,0,0,0,"a"
"90",1,12,0,11,1,4,3,3,1,28,3,2,1,1,1,0,0,1,0,0,1,0,0,1,"b"
"91",4,12,4,6,1,5,3,4,1,56,3,1,1,1,1,0,0,1,0,0,1,0,0,1,"a"
"92",1,12,4,14,1,5,3,3,1,54,3,1,1,1,1,0,1,1,0,0,1,0,0,1,"a"
"93",4,12,4,8,5,5,2,3,2,33,1,1,2,1,1,0,0,1,0,0,1,0,1,0,"b"
"94",3,24,4,36,5,5,3,4,4,20,3,2,1,1,1,0,0,0,1,1,0,0,0,1,"a"
"95",2,12,2,13,4,5,3,4,1,54,3,1,1,2,1,1,0,1,0,0,1,0,0,1,"a"
"96",2,54,0,159,1,2,3,4,4,58,3,1,1,2,1,0,0,1,0,1,0,0,0,1,"b"
"97",4,12,4,20,5,4,2,2,3,61,3,1,1,1,1,0,0,1,0,0,1,0,0,1,"a"
"98",2,18,2,26,2,3,3,4,3,34,3,1,1,1,1,0,0,1,0,0,1,0,0,1,"a"
"99",2,36,4,23,1,5,3,4,1,36,3,1,1,1,1,0,0,1,0,0,1,0,0,1,"a"
"100",2,20,3,71,5,4,3,4,2,36,1,2,2,2,1,0,1,1,0,1,0,0,0,0,"a"
"101",4,24,2,15,2,5,4,4,1,41,3,1,1,1,1,1,0,1,0,1,0,0,1,0,"a"
"102",2,36,2,23,1,4,3,4,3,24,3,1,1,1,1,0,0,1,0,1,0,0,0,1,"a"
"103",4,6,3,9,1,3,2,2,1,24,3,1,1,1,1,0,0,1,0,0,1,0,0,1,"a"
"104",2,9,4,19,1,4,3,3,3,35,3,1,1,2,1,0,0,1,0,1,0,0,0,1,"a"
"105",4,12,2,24,5,2,4,4,3,26,3,1,1,2,1,0,1,1,0,1,0,0,0,1,"a"
"106",2,24,4,119,1,3,3,3,3,39,3,2,2,2,1,0,0,0,1,0,1,0,0,0,"b"
"107",4,18,1,65,1,5,3,4,4,39,1,2,2,2,1,1,0,1,0,0,1,0,0,0,"b"
"108",2,12,2,61,1,4,3,2,3,32,3,1,1,1,1,1,0,1,0,0,1,0,0,1,"a"
"109",1,24,2,77,5,2,2,2,2,30,3,1,1,2,2,0,0,1,0,0,1,0,0,1,"a"
"110",2,14,2,14,3,5,4,2,1,35,3,1,1,2,1,0,0,1,0,0,1,0,0,1,"a"
"111",2,6,3,14,2,5,1,2,3,31,1,2,2,1,1,0,0,1,0,0,1,0,0,1,"a"
"112",3,15,2,4,1,2,2,4,2,23,3,1,1,2,1,0,0,1,0,1,0,0,0,1,"a"
"113",2,18,2,63,1,4,3,3,1,28,3,1,1,1,1,1,0,1,0,1,0,0,1,0,"a"
"114",4,36,4,79,1,3,2,2,1,25,2,2,1,2,1,1,0,1,0,0,1,0,0,1,"b"
"115",1,12,2,17,3,5,4,1,1,35,3,1,1,1,1,0,0,1,0,0,1,0,0,1,"a"
"116",4,48,4,36,5,5,3,1,1,47,3,1,1,2,1,0,0,1,0,0,1,0,0,1,"a"
"117",1,42,2,72,5,4,2,3,3,30,3,1,1,2,1,0,0,1,0,0,1,0,0,0,"b"
"118",1,10,4,21,5,2,2,3,1,27,3,2,1,1,2,0,0,0,1,1,0,0,0,1,"a"
"119",1,33,4,43,3,3,2,4,3,23,3,2,1,1,1,0,0,1,0,0,1,0,0,1,"b"
"120",2,12,4,24,3,4,1,3,3,36,3,1,1,2,1,1,0,1,0,0,1,0,0,0,"a"
"121",1,21,2,18,1,3,2,2,1,25,3,2,1,2,1,0,0,1,0,0,1,0,0,1,"b"
"122",4,24,4,39,1,5,2,2,3,41,3,2,1,2,1,0,1,1,0,1,0,0,0,0,"a"
"123",4,12,2,18,1,3,3,2,1,24,3,1,1,1,1,0,0,1,0,1,0,0,1,0,"a"
"124",3,10,4,8,1,5,3,4,4,63,3,2,1,2,1,1,0,1,0,0,0,0,0,1,"a"
"125",2,18,2,19,5,2,2,3,1,27,3,1,1,1,1,0,0,1,0,1,0,0,0,1,"b"
"126",1,12,4,21,1,3,3,2,2,30,3,2,1,1,1,1,0,1,0,0,1,0,0,1,"a"
"127",1,12,2,7,1,3,4,2,1,40,3,1,1,1,1,0,0,1,0,0,1,0,1,0,"a"
"128",2,12,2,6,1,3,3,2,3,30,3,1,1,1,1,0,0,1,0,0,1,0,0,1,"b"
"129",2,12,4,19,1,1,3,2,3,34,3,2,1,2,1,0,1,1,0,0,1,0,0,0,"a"
"130",1,12,4,35,1,3,2,2,1,29,3,2,1,1,1,1,0,0,1,0,1,0,0,1,"b"
"131",2,48,2,85,5,4,2,2,3,24,3,1,1,1,1,1,0,1,0,0,1,0,0,1,"a"
"132",1,36,3,69,1,3,3,3,2,29,2,1,1,2,1,0,0,1,0,0,1,0,0,1,"b"
"133",4,15,2,27,1,2,3,3,2,27,1,2,1,1,1,0,0,1,0,0,1,0,1,0,"a"
"134",4,18,2,20,1,3,3,4,4,47,1,2,1,1,1,0,0,1,0,0,0,0,0,1,"a"
"135",4,60,2,101,2,4,2,4,1,21,3,1,1,2,1,0,0,1,0,0,1,0,0,1,"a"
"136",4,12,4,12,5,5,2,2,1,38,3,2,1,2,1,0,0,1,0,0,1,0,0,1,"a"
"137",4,27,3,86,4,3,3,2,3,27,3,2,1,1,1,0,1,1,0,0,1,0,0,1,"a"
"138",2,12,2,8,3,3,3,3,1,66,3,1,1,1,1,0,0,1,0,0,1,0,1,0,"b"
"139",2,15,4,27,5,4,3,2,1,35,1,3,1,2,1,0,0,0,0,0,1,0,0,1,"a"
"140",3,12,2,19,1,3,2,2,3,44,3,1,1,2,1,0,0,1,0,1,0,0,1,0,"a"
"141",3,6,2,7,4,2,4,2,1,27,3,1,1,1,2,1,0,1,0,0,1,1,0,0,"a"
"142",2,36,2,48,1,2,2,1,4,30,3,1,1,2,1,0,0,1,0,0,1,0,0,0,"a"
"143",1,27,2,34,1,3,3,2,3,27,3,1,1,1,1,0,0,1,0,0,1,0,0,0,"a"
"144",1,18,2,25,1,3,3,2,3,22,3,1,1,1,1,0,0,1,0,0,1,0,0,1,"b"
"145",4,21,4,23,1,2,2,4,2,23,3,1,1,2,1,0,0,1,0,0,1,0,0,1,"a"
"146",2,48,1,36,2,4,3,2,3,30,3,1,1,1,1,0,0,1,0,0,1,0,0,1,"a"
"147",1,6,4,9,1,5,2,4,4,39,3,2,1,2,1,1,0,1,0,0,1,0,0,1,"a"
"148",4,12,4,7,2,4,2,3,3,51,3,2,1,2,1,1,0,1,0,0,1,0,0,1,"a"
"149",1,36,4,54,1,3,3,2,2,28,3,2,1,1,1,0,0,0,0,0,1,0,0,1,"a"
"150",4,18,4,16,4,5,3,4,3,46,3,2,1,1,1,0,0,1,0,0,1,0,0,1,"a"
"151",4,6,2,13,2,5,3,4,4,42,1,1,2,2,1,0,0,1,0,0,0,0,0,1,"a"
"152",4,10,2,19,1,3,3,4,2,38,3,1,1,2,2,0,0,1,0,0,1,0,0,1,"a"
"153",3,36,2,58,1,3,3,1,3,24,3,1,1,1,1,0,0,1,0,0,1,0,0,1,"a"
"154",2,24,4,78,4,5,2,4,4,29,3,1,1,1,1,0,1,1,0,1,0,0,0,1,"a"
"155",2,24,3,70,2,4,3,4,3,36,3,1,1,2,1,0,0,1,0,1,0,0,0,0,"a"
"156",1,12,2,13,1,3,2,4,3,20,3,1,1,1,1,0,0,1,0,1,0,0,0,1,"b"
"157",1,9,4,13,2,5,3,4,1,48,3,2,2,1,2,0,0,0,0,0,1,0,0,1,"a"
"158",1,12,1,3,1,5,4,1,3,45,1,1,1,1,1,0,0,1,0,0,1,0,1,0,"a"
"159",2,24,2,35,2,4,3,3,3,38,1,2,1,2,1,1,0,1,0,0,1,0,0,1,"a"
"160",4,6,4,19,5,3,3,2,1,34,3,2,2,1,1,0,0,1,0,0,1,0,1,0,"a"
"161",4,24,4,29,2,5,3,4,1,36,3,1,2,2,1,0,0,1,0,0,1,0,0,1,"a"
"162",4,18,4,11,1,2,2,1,2,30,3,2,1,1,1,1,0,1,0,0,1,0,0,1,"a"
"163",4,15,2,13,3,4,3,3,2,36,3,2,1,2,1,0,0,1,0,0,1,0,0,1,"a"
"164",2,10,2,73,1,1,3,4,4,70,1,1,1,2,1,1,0,1,0,0,0,0,0,0,"a"
"165",4,36,2,9,3,5,3,4,2,36,3,1,1,1,1,1,0,1,0,0,1,0,0,1,"a"
"166",4,6,2,30,3,3,3,2,3,32,3,1,1,2,1,0,0,1,0,0,1,0,0,1,"a"
"167",1,18,2,11,1,1,2,2,3,33,3,1,1,1,1,0,0,1,0,0,1,0,0,1,"b"
"168",2,11,2,16,4,2,2,1,1,20,3,1,1,1,1,0,0,1,0,0,1,0,0,1,"a"
"169",4,24,2,40,1,4,2,4,2,25,3,1,1,2,1,0,0,1,0,1,0,0,0,1,"a"
"170",2,24,4,19,1,5,1,4,1,31,3,2,1,2,1,0,0,1,0,0,1,0,0,1,"b"
"171",1,15,0,10,1,5,3,3,3,33,3,2,2,1,1,1,0,1,0,1,0,0,0,1,"b"
"172",4,12,2,8,1,3,2,1,1,26,3,1,1,2,1,0,0,1,0,0,1,0,0,1,"a"
"173",2,24,3,21,1,1,2,2,2,34,3,1,1,2,1,0,0,1,0,0,1,0,0,0,"b"
"174",2,8,2,14,1,3,3,2,1,33,3,1,1,1,2,0,0,0,0,0,1,0,0,1,"a"
"175",1,21,3,34,1,2,3,1,2,26,3,2,1,1,1,0,0,1,0,0,1,0,0,1,"b"
"176",4,30,1,75,5,1,2,1,1,53,1,1,1,2,1,0,1,1,0,0,1,0,0,0,"b"
"177",1,12,2,26,1,3,1,1,3,42,3,1,1,1,1,0,0,1,0,0,1,0,0,1,"a"
"178",1,6,4,3,3,5,3,4,3,52,3,2,1,1,1,0,0,1,0,0,1,0,0,1,"a"
"179",4,12,2,20,1,4,3,2,3,31,3,2,2,2,1,0,0,1,0,1,0,0,0,0,"a"
"180",1,21,4,6,1,5,3,4,1,65,3,2,1,1,1,1,0,1,0,0,1,0,0,1,"a"
"181",4,36,3,96,1,2,1,1,3,28,3,2,1,1,1,0,0,1,0,0,1,0,0,1,"b"
"182",2,36,3,45,1,3,1,2,1,30,2,2,1,2,1,0,0,1,0,0,1,0,0,0,"b"
"183",1,21,1,16,5,3,3,2,2,40,3,2,2,1,1,1,0,1,0,0,1,0,1,0,"b"
"184",4,24,4,38,4,3,3,4,1,50,3,1,1,2,1,0,0,1,0,0,1,0,0,1,"a"
"185",2,18,4,9,1,5,3,4,3,36,1,1,2,2,1,1,0,1,0,0,1,0,0,1,"b"
"186",4,15,4,14,1,3,3,2,2,31,3,2,1,1,1,0,0,1,0,0,1,0,0,1,"a"
"187",2,9,1,51,1,5,2,4,4,74,1,1,2,2,1,0,1,1,0,0,0,0,0,0,"b"
"188",2,16,4,12,1,1,3,3,3,68,3,3,1,2,1,1,0,1,0,0,0,1,0,0,"a"
"189",1,12,2,7,2,4,4,1,2,20,3,1,1,1,1,0,0,1,0,0,1,0,0,1,"b"
"190",2,18,0,32,1,3,2,4,3,33,1,2,1,2,1,0,0,1,0,0,1,0,0,1,"a"
"191",4,24,2,46,4,3,3,3,2,54,3,3,1,2,1,0,0,1,0,0,1,0,0,0,"b"
"192",2,48,0,38,2,4,3,4,4,34,3,1,2,1,1,0,0,1,0,0,0,0,1,0,"b"
"193",2,27,2,39,1,3,3,2,3,36,3,1,2,2,1,0,0,1,0,0,1,0,0,1,"b"
"194",4,6,2,21,1,4,4,2,1,29,3,1,1,1,1,0,0,1,0,1,0,0,0,1,"a"
"195",2,45,2,30,2,3,3,4,2,21,3,1,1,1,1,0,0,0,0,1,0,0,0,1,"b"
"196",2,9,4,15,1,5,2,3,3,34,3,2,1,2,1,0,0,1,0,0,1,0,0,0,"b"
"197",4,6,4,14,1,3,2,1,3,28,3,2,1,2,1,0,0,1,0,0,1,0,0,1,"a"
"198",2,12,2,10,2,2,2,4,3,27,1,4,1,1,1,0,0,1,0,1,0,0,0,1,"b"
"199",2,24,2,28,5,5,3,4,4,36,1,1,1,2,1,0,1,1,0,0,0,0,0,1,"a"
"200",2,18,3,43,1,5,1,3,4,40,3,1,1,2,1,0,0,1,0,0,1,0,0,0,"b"
"201",4,9,4,9,3,5,3,2,3,52,3,2,1,2,1,0,0,1,0,0,1,0,0,1,"a"
"202",1,12,2,12,1,3,4,3,1,27,3,1,1,1,1,1,0,1,0,0,1,0,1,0,"a"
"203",4,27,3,51,1,4,3,4,3,26,3,2,1,1,1,0,0,1,0,0,1,0,0,1,"a"
"204",1,12,2,9,1,4,4,4,2,21,3,1,1,1,1,0,0,1,0,1,0,0,0,1,"b"
"205",4,12,4,15,1,5,3,1,1,38,3,2,2,1,1,1,0,1,0,0,1,0,1,0,"a"
"206",1,30,4,106,1,5,3,4,4,38,3,3,2,2,1,0,1,1,0,0,0,0,0,0,"a"
"207",4,12,4,19,1,5,3,4,1,43,3,3,1,2,1,0,0,1,0,0,1,0,0,1,"a"
"208",2,12,4,14,1,4,3,3,2,26,3,1,1,1,1,0,0,1,0,0,1,0,0,1,"a"
"209",1,24,2,66,1,3,4,2,3,21,2,1,1,1,1,0,0,1,0,0,1,0,1,0,"a"
"210",4,12,2,14,4,4,3,2,2,55,3,1,1,1,2,0,1,1,0,0,1,0,0,1,"a"
"211",4,9,4,31,5,3,3,2,1,33,3,2,2,1,1,0,0,1,0,0,1,0,0,1,"a"
"212",4,36,2,38,5,5,2,4,1,45,3,1,1,2,1,0,0,1,0,0,1,0,1,0,"a"
"213",1,27,0,53,1,1,3,4,2,50,2,2,1,2,1,0,0,1,0,0,1,0,0,1,"b"
"214",3,30,3,19,1,5,3,4,1,66,3,1,1,2,1,0,0,1,0,0,1,0,0,0,"b"
"215",4,36,4,33,5,5,3,2,3,51,3,1,1,2,1,0,0,1,0,0,1,0,0,1,"a"
"216",2,6,4,9,5,4,2,3,2,39,3,2,1,1,1,0,0,1,0,0,1,0,1,0,"a"
"217",1,18,0,31,1,4,3,1,2,31,1,1,1,2,1,0,0,1,0,0,1,0,0,1,"a"
"218",3,36,2,39,1,3,3,2,1,23,3,1,1,2,1,0,0,1,0,0,1,0,0,1,"a"
"219",1,24,2,30,1,3,1,2,1,24,3,1,1,1,1,0,0,1,0,1,0,0,1,0,"a"
"220",4,10,2,14,1,3,2,4,3,64,3,1,1,2,1,1,0,1,0,0,1,0,0,1,"a"
"221",2,12,2,6,1,2,4,1,1,26,1,1,1,1,1,0,0,0,0,0,1,0,1,0,"a"
"222",1,12,2,12,5,3,2,4,2,23,1,1,1,2,1,0,0,1,0,1,0,0,0,1,"a"
"223",4,12,2,7,1,3,3,2,1,30,1,2,1,1,1,0,0,1,0,0,1,0,0,1,"a"
"224",4,24,3,30,5,3,3,4,1,32,3,2,2,2,1,0,0,1,0,0,1,0,0,1,"a"
"225",4,15,2,47,1,3,3,2,3,30,3,1,1,2,1,0,1,1,0,0,1,0,0,1,"a"
"226",4,36,0,26,1,3,3,2,3,27,3,2,1,1,1,0,0,1,0,0,1,0,0,1,"a"
"227",2,48,2,110,4,4,3,2,4,27,1,2,1,2,1,0,0,0,1,0,1,0,0,1,"b"
"228",1,12,2,79,1,5,3,4,4,53,3,1,1,2,1,0,0,1,0,0,0,0,0,0,"b"
"229",4,9,2,15,1,4,3,2,3,22,3,1,1,1,1,0,0,1,0,0,1,0,0,1,"b"
"230",1,24,2,31,1,2,3,1,4,22,1,1,1,1,1,0,0,1,0,0,0,0,0,1,"a"
"231",3,36,2,42,1,3,3,2,3,26,3,1,1,1,1,0,0,1,0,0,1,0,0,1,"b"
"232",4,9,2,25,3,5,3,4,4,51,3,1,1,1,1,1,0,1,0,0,0,0,1,0,"a"
"233",4,12,2,21,2,4,3,1,4,35,3,1,1,1,1,0,0,1,0,0,1,0,0,1,"a"
"234",2,18,2,9,1,3,4,2,1,25,3,1,1,1,1,0,0,0,0,0,1,0,1,0,"a"
"235",4,4,4,15,1,4,3,1,1,42,3,3,2,1,1,0,0,1,0,0,1,0,1,0,"a"
"236",1,24,2,18,1,1,3,2,3,30,2,1,2,1,1,0,0,1,0,0,1,0,0,0,"b"
"237",2,6,2,146,5,1,3,2,2,23,3,1,1,2,1,1,0,1,0,0,1,1,0,0,"b"
"238",2,21,2,28,2,5,1,2,3,61,1,2,1,1,1,0,0,1,0,1,0,0,1,0,"b"
"239",4,12,4,13,1,3,2,2,2,35,3,2,1,1,1,0,0,1,0,0,1,0,0,1,"a"
"240",1,30,2,25,1,5,3,3,2,39,3,1,2,1,1,0,0,0,0,0,1,0,0,1,"a"
"241",1,24,2,9,5,5,2,2,3,29,1,1,1,1,1,1,0,1,0,0,1,0,0,1,"b"
"242",4,6,2,16,1,4,3,2,2,51,3,1,2,1,1,0,0,1,0,0,1,0,0,1,"a"
"243",1,48,0,46,1,5,3,4,4,24,3,2,2,1,1,0,1,1,0,0,0,0,0,1,"b"
"244",4,12,4,12,1,3,2,2,1,27,3,2,1,1,1,0,0,1,0,0,1,0,0,1,"a"
"245",4,12,1,34,3,3,2,3,1,35,3,1,2,1,1,0,0,1,0,0,1,0,1,0,"a"
"246",4,24,2,13,1,4,3,1,1,25,3,1,1,2,1,0,0,1,0,0,1,0,0,1,"a"
"247",4,12,4,7,1,5,3,4,1,52,3,3,1,1,1,0,0,1,0,0,1,0,0,1,"a"
"248",4,6,0,12,2,3,3,1,4,35,1,1,1,1,2,1,0,1,0,1,0,0,0,1,"a"
"249",3,24,2,19,1,3,3,2,1,26,3,1,1,1,1,0,0,1,0,0,1,0,0,1,"a"
"250",4,18,2,4,1,1,2,4,1,22,3,1,1,1,1,0,0,0,1,1,0,0,0,1,"b"
"251",1,6,4,7,4,4,2,4,1,39,3,2,1,2,1,1,0,1,0,0,1,0,1,0,"a"
"252",3,12,2,23,1,3,2,2,3,46,3,1,1,1,1,0,0,1,0,0,1,0,1,0,"a"
"253",2,30,2,22,1,3,2,2,4,24,1,1,1,1,1,1,0,0,0,0,1,0,0,1,"b"
"254",4,24,3,42,2,3,3,3,2,35,3,2,1,1,1,0,0,1,0,0,1,0,0,1,"a"
"255",2,9,2,20,5,4,3,1,3,24,3,1,1,2,1,0,0,1,0,0,1,0,0,1,"a"
"256",2,60,3,74,5,3,3,1,1,27,3,1,1,1,1,0,0,1,0,0,1,0,1,0,"a"
"257",4,24,4,27,1,3,3,2,1,35,3,2,1,1,1,0,0,1,0,0,1,0,1,0,"a"
"258",1,12,1,21,1,3,1,1,4,29,3,1,1,1,1,0,0,1,0,0,0,0,0,1,"b"
"259",4,15,2,38,2,2,2,4,3,23,3,1,1,2,1,0,1,1,0,0,1,0,0,1,"a"
"260",4,11,4,12,2,1,2,4,1,57,3,3,1,1,1,0,0,1,0,0,1,0,1,0,"a"
"261",1,12,2,17,1,3,3,2,1,27,3,1,1,1,1,0,0,1,0,0,1,0,0,1,"a"
"262",1,24,2,16,1,5,2,4,3,55,3,1,1,1,1,0,0,1,0,0,1,0,0,1,"a"
"263",1,18,4,53,1,5,3,4,4,36,3,3,1,2,1,1,0,1,0,0,0,0,0,0,"a"
"264",4,12,4,27,1,5,2,4,4,57,1,3,1,1,1,0,0,1,0,0,0,0,1,0,"a"
"265",4,10,4,12,1,5,3,4,1,32,3,2,2,1,2,1,0,1,0,0,1,0,1,0,"a"
"266",2,15,2,8,1,5,3,3,3,37,3,1,2,1,1,0,0,1,0,0,1,0,0,1,"b"
"267",4,36,4,63,5,5,3,4,1,36,3,2,1,1,1,0,0,1,0,0,1,0,0,1,"a"
"268",4,24,2,15,1,2,2,3,3,38,2,1,1,2,1,0,0,1,0,0,1,0,0,1,"a"
"269",1,14,2,90,1,5,1,4,2,45,3,1,1,2,2,1,0,1,0,0,1,0,0,0,"b"
"270",4,24,2,10,5,5,3,2,3,25,3,2,1,1,1,0,0,1,0,0,1,0,0,1,"a"
"271",4,18,2,27,5,4,3,3,2,32,3,1,1,1,2,1,0,1,0,0,1,0,0,1,"a"
"272",4,12,4,14,3,4,2,4,3,37,3,1,1,2,1,0,0,1,0,1,0,0,0,1,"a"
"273",2,48,1,122,5,1,3,4,4,36,3,1,1,2,1,1,0,0,1,0,0,0,0,0,"a"
"274",2,48,2,31,1,4,3,4,1,28,3,2,1,1,1,0,0,1,0,0,1,0,0,1,"b"
"275",1,30,2,120,1,2,1,1,4,34,3,1,1,2,1,0,0,1,0,0,1,0,1,0,"b"
"276",4,9,2,27,1,3,3,2,1,32,3,1,2,1,1,0,0,1,0,0,1,0,0,1,"a"
"277",4,18,4,24,1,3,2,2,3,26,3,2,1,1,1,0,0,1,0,0,1,0,0,1,"a"
"278",1,12,2,13,5,5,1,4,2,49,3,1,1,2,1,0,0,1,0,0,1,0,1,0,"a"
"279",4,6,2,46,1,2,2,4,2,32,3,1,1,1,1,0,0,1,0,0,1,0,0,1,"b"
"280",4,24,2,19,2,3,3,4,3,29,3,1,1,2,1,0,0,1,0,1,0,0,0,0,"a"
"281",4,15,4,34,4,5,3,4,4,23,3,2,1,2,1,0,1,1,0,1,0,0,0,1,"a"
"282",4,12,2,16,1,3,3,2,1,50,3,1,1,1,1,0,0,1,0,0,1,0,0,1,"a"
"283",3,18,1,14,5,4,3,4,3,49,1,1,1,1,1,0,0,1,0,0,1,0,1,0,"a"
"284",4,15,4,15,5,5,3,4,2,63,3,1,1,1,1,0,0,1,0,0,1,0,0,1,"a"
"285",2,24,4,39,2,2,1,2,3,37,3,1,1,2,1,1,0,1,0,0,1,0,0,1,"a"
"286",1,47,2,107,1,2,2,1,1,35,3,1,1,2,1,1,0,1,0,0,1,0,1,0,"a"
"287",1,48,2,48,1,4,3,3,2,26,3,1,2,1,1,0,1,1,0,0,1,0,0,1,"a"
"288",2,48,3,76,2,1,3,4,4,31,3,1,1,2,1,0,0,1,0,0,0,0,0,0,"a"
"289",2,12,2,11,1,3,2,4,1,49,3,2,1,2,1,0,0,0,0,0,1,0,0,1,"a"
"290",1,24,3,10,1,2,4,4,1,48,2,1,1,1,1,0,0,1,0,0,1,0,0,1,"b"
"291",4,12,2,11,1,3,4,2,1,26,3,1,1,2,2,0,0,1,0,0,1,0,0,1,"a"
"292",2,36,2,94,1,2,4,4,3,28,3,1,1,2,1,0,1,1,0,1,0,0,0,0,"b"
"293",1,24,4,64,1,5,2,4,4,44,3,2,2,2,1,0,1,1,0,0,0,0,0,0,"a"
"294",3,42,4,48,1,5,3,4,4,56,3,1,1,1,1,0,1,1,0,0,0,0,0,1,"a"
"295",4,48,4,76,5,5,1,2,3,46,1,2,2,1,1,0,0,1,0,0,1,0,0,0,"a"
"296",2,48,2,100,1,2,2,2,3,26,3,1,1,2,1,0,0,1,0,0,1,0,0,1,"b"
"297",4,12,2,47,5,2,2,4,3,20,3,1,1,1,1,0,1,1,0,1,0,0,0,1,"a"
"298",4,10,2,13,5,5,3,2,2,45,3,1,1,1,2,1,0,0,1,0,1,0,1,0,"a"
"299",4,18,2,25,1,3,3,4,1,43,3,1,1,2,1,0,0,1,0,0,1,0,0,1,"a"
"300",2,21,4,27,4,4,3,2,3,32,3,2,1,2,1,0,0,1,0,0,1,0,0,1,"a"
"301",4,6,2,7,1,1,2,4,1,54,3,1,1,2,1,1,0,1,0,0,1,1,0,0,"a"
"302",2,36,0,38,1,3,2,1,3,42,3,1,1,2,1,0,0,1,0,0,1,0,0,1,"b"
"303",3,24,4,13,5,4,3,2,1,37,1,2,2,1,1,1,0,1,0,0,1,0,1,0,"b"
"304",1,10,4,10,1,4,3,3,2,49,3,2,1,2,1,1,0,0,1,0,1,0,0,1,"a"
"305",4,48,4,101,3,3,3,2,4,44,1,1,1,1,1,1,0,1,0,0,0,0,0,1,"b"
"306",4,6,2,15,4,3,1,2,1,33,3,1,1,1,1,0,0,1,0,0,1,0,0,1,"a"
"307",4,30,2,48,5,4,2,4,2,24,2,1,1,1,1,0,1,1,0,1,0,0,1,0,"a"
"308",1,12,2,7,2,2,4,3,4,33,3,1,1,2,1,0,0,1,0,0,1,0,1,0,"b"
"309",2,8,2,12,1,3,2,4,1,24,3,1,1,1,1,0,0,1,0,0,1,0,0,1,"b"
"310",2,9,2,3,1,3,4,4,1,22,3,1,1,1,1,1,0,1,0,1,0,0,1,0,"a"
"311",2,48,2,54,5,1,3,4,4,40,1,1,1,2,1,0,0,1,0,0,0,1,0,0,"a"
"312",4,24,2,55,2,3,3,1,3,25,2,1,1,1,1,0,0,1,0,0,1,0,0,1,"a"
"313",3,24,2,37,1,2,2,4,3,26,3,1,1,1,1,0,0,1,0,0,1,0,0,1,"a"
"314",2,12,2,7,1,4,4,3,3,25,1,1,1,1,1,1,0,1,0,0,1,0,1,0,"b"
"315",3,4,2,15,5,2,3,2,1,29,3,1,2,1,2,1,0,1,0,0,1,0,1,0,"a"
"316",1,36,1,27,1,5,3,4,3,31,1,1,1,1,1,0,0,1,0,0,1,0,0,1,"b"
"317",1,12,2,7,1,3,3,3,2,38,3,1,2,1,1,0,0,0,0,0,1,0,1,0,"a"
"318",2,24,2,44,5,3,2,4,2,48,3,1,1,2,1,0,0,1,0,0,1,0,1,0,"a"
"319",4,12,4,7,1,3,3,2,3,32,3,2,1,1,1,0,0,1,0,0,1,0,0,1,"a"
"320",1,15,3,36,1,5,2,4,2,27,3,2,1,1,1,0,0,1,0,0,1,0,1,0,"a"
"321",2,30,4,42,1,1,4,2,3,28,3,2,1,1,1,1,0,1,0,0,1,0,0,0,"b"
"322",1,24,2,19,1,2,1,3,2,32,3,1,1,1,1,0,0,1,0,0,1,0,0,1,"b"
"323",1,24,2,29,1,4,3,1,4,34,3,1,1,2,1,0,1,1,0,0,0,0,0,0,"a"
"324",1,18,2,27,4,3,3,2,3,28,3,1,1,1,1,0,0,1,0,0,1,0,0,1,"a"
"325",4,18,4,10,1,3,2,3,1,36,3,2,1,1,1,1,0,1,0,0,1,0,0,1,"a"
"326",1,8,4,34,1,4,3,4,1,39,3,2,1,1,2,1,0,1,0,0,1,0,1,0,"a"
"327",4,12,4,58,5,5,3,4,2,49,3,1,1,2,1,0,0,1,0,1,0,0,0,1,"a"
"328",4,24,2,15,4,4,2,3,3,34,3,1,2,2,1,1,0,1,0,0,1,0,0,1,"a"
"329",3,36,2,45,1,5,3,2,3,31,3,1,1,1,1,0,0,1,0,0,1,0,0,1,"a"
"330",2,6,2,11,1,5,3,4,3,28,3,1,2,1,1,0,0,1,0,0,1,0,0,1,"a"
"331",1,24,4,66,1,1,3,4,4,75,3,2,1,2,1,0,1,1,0,0,0,0,0,0,"a"
"332",4,18,4,19,2,3,2,2,1,30,3,2,1,1,1,0,0,1,0,0,1,0,0,1,"b"
"333",2,60,2,74,2,2,2,2,2,24,3,1,1,1,1,1,0,1,0,0,1,0,0,0,"b"
"334",4,48,4,116,2,3,2,4,3,24,1,2,1,1,1,0,1,1,0,1,0,0,1,0,"b"
"335",1,24,0,41,1,5,3,4,4,23,1,2,2,1,1,0,0,1,0,1,0,0,0,1,"b"
"336",1,6,4,34,1,3,1,4,1,44,3,1,1,2,1,0,0,1,0,1,0,0,0,0,"b"
"337",2,13,2,21,1,2,2,4,2,23,3,1,1,1,1,0,0,0,0,0,1,0,1,0,"a"
"338",1,15,2,13,5,3,2,2,3,24,3,1,1,1,1,0,0,1,0,1,0,0,0,1,"b"
"339",1,24,2,42,1,3,3,4,2,28,3,1,1,1,1,0,0,1,0,0,1,0,0,1,"a"
"340",2,10,2,15,1,3,1,2,3,31,3,1,1,1,1,0,0,1,0,0,1,0,1,0,"a"
"341",2,24,4,57,1,2,2,4,4,24,3,2,1,2,1,0,0,1,0,0,0,0,0,1,"a"
"342",1,21,2,36,1,4,2,4,3,26,3,1,1,1,1,0,0,1,0,1,0,0,1,0,"a"
"343",2,18,2,32,3,2,4,3,1,25,3,1,1,1,1,0,0,1,0,1,0,0,0,1,"a"
"344",2,18,2,44,1,5,3,1,1,33,1,1,1,2,1,0,0,0,1,0,1,0,0,0,"a"
"345",3,10,2,39,1,2,3,1,2,37,3,1,2,1,1,1,0,0,0,0,1,0,1,0,"a"
"346",4,15,4,15,1,3,2,2,3,43,3,1,1,1,1,0,0,1,0,0,1,0,1,0,"a"
"347",2,13,4,9,1,2,3,4,1,23,3,2,1,1,1,0,0,0,0,0,1,0,0,1,"a"
"348",2,24,2,38,3,1,2,4,4,23,3,1,1,1,1,0,0,1,0,1,0,1,0,0,"a"
"349",4,6,3,17,2,3,3,2,1,34,3,2,1,1,1,0,0,1,0,0,1,0,1,0,"a"
"350",2,9,4,11,4,5,3,3,4,32,3,2,2,1,1,0,0,1,0,0,0,0,0,1,"b"
"351",4,9,2,12,1,2,2,4,1,23,3,1,1,2,1,0,0,1,0,1,0,0,0,1,"a"
"352",2,9,2,10,1,3,2,2,3,29,3,1,1,1,2,0,0,1,0,0,1,0,0,1,"b"
"353",4,18,4,32,5,1,3,4,4,38,3,1,1,2,1,0,1,1,0,0,1,0,0,0,"a"
"354",1,12,0,62,1,3,3,2,2,28,3,2,1,2,1,0,0,1,0,1,0,0,0,1,"b"
"355",4,10,2,7,3,5,3,4,4,46,3,1,1,2,1,0,0,1,0,0,0,0,0,1,"a"
"356",2,24,2,12,1,2,3,2,1,23,2,1,1,1,1,1,0,1,0,0,1,0,1,0,"b"
"357",4,12,4,23,5,5,3,4,1,49,3,1,1,2,1,0,0,0,1,0,1,0,0,1,"a"
"358",4,36,3,45,1,3,3,2,3,26,3,2,1,2,1,0,0,1,0,0,1,0,0,0,"b"
"359",4,12,2,8,1,3,4,2,1,28,3,1,1,1,1,0,0,1,0,0,1,0,0,1,"a"
"360",1,30,2,24,1,4,2,4,1,23,3,1,1,1,1,0,0,1,0,1,0,0,0,1,"b"
"361",2,18,2,12,5,3,3,4,4,61,3,1,1,1,1,0,0,1,0,0,0,0,0,1,"a"
"362",3,12,2,34,5,5,3,3,3,37,3,1,1,1,1,0,0,1,0,0,1,0,0,0,"a"
"363",3,12,3,22,1,3,2,2,3,36,2,2,1,2,1,1,0,1,0,0,1,0,0,1,"a"
"364",4,6,2,18,1,3,4,2,2,21,3,1,1,1,1,0,0,1,0,1,0,0,0,1,"a"
"365",1,18,2,25,1,1,3,1,3,25,3,1,1,1,1,0,0,1,0,0,1,1,0,0,"b"
"366",4,12,2,15,1,4,3,4,3,36,3,1,1,2,1,0,0,1,0,0,1,0,0,1,"a"
"367",4,18,4,38,1,4,3,1,3,27,3,2,1,1,1,0,1,1,0,0,1,0,0,1,"a"
"368",1,18,2,36,1,2,2,4,3,22,3,1,1,1,1,0,0,1,0,1,0,0,0,1,"a"
"369",1,36,2,34,1,5,3,2,3,42,3,1,2,1,1,0,0,1,0,0,1,0,0,1,"b"
"370",2,18,2,30,1,4,2,4,1,40,3,1,1,1,1,0,0,1,0,1,0,0,0,1,"a"
"371",4,36,2,31,5,3,3,4,1,36,3,1,1,1,1,1,0,1,0,0,1,0,0,1,"a"
"372",4,18,4,61,1,5,3,4,3,33,3,2,1,2,1,0,0,1,0,0,1,0,0,1,"a"
"373",4,10,4,21,1,2,2,3,1,23,3,2,1,1,1,0,0,1,0,1,0,0,0,1,"a"
"374",4,60,4,138,5,5,3,4,4,63,1,1,1,2,1,1,0,1,0,0,0,0,0,0,"a"
"375",2,60,1,148,2,5,2,4,4,60,1,2,1,2,1,0,0,1,0,0,0,0,0,0,"b"
"376",1,48,1,77,1,4,2,4,3,37,3,1,1,1,1,0,0,0,0,1,0,0,0,1,"b"
"377",4,18,3,23,1,1,4,3,1,34,3,2,1,1,1,0,0,1,0,0,1,0,0,1,"a"
"378",4,7,3,8,5,5,3,4,4,36,3,1,1,1,1,0,0,1,0,0,0,0,0,1,"a"
"379",2,36,2,143,1,5,3,2,4,57,3,1,1,2,1,1,0,1,0,0,0,0,0,0,"b"
"380",4,6,4,4,2,3,2,4,3,52,3,2,1,1,1,1,0,1,0,0,1,0,1,0,"a"
"381",1,20,2,22,5,4,3,4,3,39,3,1,1,2,1,0,0,1,0,0,1,0,0,1,"a"
"382",2,18,2,130,1,1,2,4,4,38,3,1,1,2,1,0,1,1,0,0,0,0,0,0,"b"
"383",4,22,2,13,5,4,2,4,2,25,3,1,1,1,1,1,0,1,0,1,0,0,0,1,"a"
"384",3,12,2,13,1,2,3,1,1,26,3,1,1,1,1,1,0,1,0,0,1,0,0,1,"a"
"385",4,30,3,43,2,3,3,2,2,26,3,2,1,1,1,0,0,1,0,0,1,0,1,0,"a"
"386",4,18,4,22,1,3,2,1,3,25,3,2,1,1,1,0,0,1,0,0,1,0,0,1,"a"
"387",4,18,2,11,5,2,2,2,1,21,3,1,1,2,1,0,0,1,0,1,0,0,0,1,"a"
"388",2,18,4,74,1,1,3,4,2,40,2,2,1,2,1,0,0,1,0,0,1,0,0,0,"a"
"389",2,15,4,23,3,3,3,4,3,27,1,1,1,1,1,0,0,1,0,0,1,0,0,1,"a"
"390",4,9,2,14,1,4,2,2,3,27,3,2,1,1,1,0,0,1,0,0,1,0,0,1,"a"
"391",4,18,2,18,1,3,4,2,2,30,3,1,1,2,1,1,0,1,0,0,1,0,0,0,"a"
"392",2,12,2,10,4,2,2,4,1,19,3,1,1,1,1,0,0,1,0,1,0,0,1,0,"a"
"393",1,36,2,32,1,4,3,4,4,39,1,1,2,2,1,1,0,1,0,0,0,0,0,0,"a"
"394",1,6,4,20,1,4,2,4,3,31,3,1,1,1,1,0,0,1,0,0,1,0,0,1,"a"
"395",4,9,4,24,1,1,3,3,3,31,3,1,1,1,1,0,0,1,0,0,1,0,0,0,"a"
"396",2,39,3,118,2,4,3,3,4,32,3,1,1,2,1,0,0,1,0,1,0,0,0,1,"a"
"397",1,12,2,26,1,1,2,4,4,55,3,1,1,1,1,0,0,1,0,0,0,0,0,0,"a"
"398",1,36,4,23,1,3,4,2,2,46,3,2,1,2,1,0,0,1,0,0,1,0,0,1,"a"
"399",2,12,2,12,1,5,1,1,1,46,3,2,1,1,1,1,0,1,0,1,0,0,0,1,"b"
"400",4,24,4,15,4,3,2,1,1,43,3,2,1,1,1,0,0,1,0,0,1,0,1,0,"a"
"401",4,18,2,15,1,2,4,4,1,39,3,1,1,2,1,0,0,1,0,0,1,0,0,1,"a"
"402",2,18,4,19,5,3,4,4,1,28,1,2,1,1,1,0,0,1,0,0,1,0,0,1,"a"
"403",4,24,3,86,1,2,3,2,3,27,1,2,1,2,1,0,0,1,0,0,1,0,0,1,"b"
"404",4,14,3,8,1,3,3,2,3,27,3,2,1,1,1,1,0,1,0,0,1,0,1,0,"a"
"405",2,18,3,29,5,5,3,4,3,43,3,1,2,1,1,1,0,1,0,0,1,0,0,1,"a"
"406",2,24,2,20,1,2,4,1,2,22,3,1,1,2,1,0,0,1,0,0,1,0,0,1,"b"
"407",4,24,4,22,5,4,3,4,3,43,3,2,2,2,1,0,1,1,0,0,1,0,0,1,"a"
"408",1,15,2,11,1,2,4,2,1,27,3,1,1,1,2,0,0,1,0,0,1,0,0,1,"a"
"409",4,24,2,32,3,5,1,2,3,26,3,1,1,2,1,0,0,1,0,0,1,0,0,0,"a"
"410",3,12,4,9,3,4,4,2,1,28,3,3,1,2,1,1,0,1,0,0,1,0,0,1,"b"
"411",2,24,2,20,1,5,2,4,3,20,3,1,1,2,1,0,0,1,0,0,1,0,0,1,"a"
"412",4,33,4,73,1,4,3,2,3,35,3,2,1,2,1,0,1,1,0,0,1,0,0,0,"a"
"413",4,12,4,23,1,1,3,2,3,42,2,2,1,2,1,0,0,1,0,0,1,0,0,0,"b"
"414",4,10,2,16,3,3,3,2,4,40,3,1,2,1,2,1,0,1,0,1,0,0,1,0,"a"
"415",1,24,2,14,5,3,2,2,2,35,3,1,1,1,1,1,0,1,0,0,1,0,0,1,"b"
"416",4,36,4,58,1,5,3,2,2,35,3,2,2,2,1,0,1,1,0,0,1,0,0,1,"a"
"417",1,12,2,26,1,2,3,1,1,33,3,1,2,1,1,1,0,1,0,0,1,0,1,0,"b"
"418",1,18,3,85,5,3,2,2,3,23,3,2,1,2,1,0,0,1,0,1,0,0,0,1,"a"
"419",4,21,2,28,3,4,2,2,3,31,1,1,1,1,1,1,0,1,0,0,1,0,0,0,"a"
"420",2,18,2,10,5,3,2,2,2,33,3,1,1,1,1,1,0,1,0,0,1,0,0,1,"b"
"421",4,15,2,32,4,4,2,3,3,20,3,1,1,1,1,1,0,1,0,1,0,0,0,1,"a"
"422",2,12,2,20,5,3,3,2,3,30,3,1,1,1,1,0,1,1,0,0,1,0,0,1,"a"
"423",2,12,4,10,1,4,3,3,1,47,3,2,2,1,1,1,0,1,0,0,1,0,1,0,"a"
"424",4,21,3,16,2,4,3,3,1,34,3,2,1,1,1,0,0,1,0,0,1,0,0,0,"a"
"425",2,12,2,28,5,5,2,2,2,25,1,1,1,2,1,0,0,1,0,0,1,0,0,1,"b"
"426",2,18,2,28,1,3,4,3,3,21,3,1,1,2,1,0,1,1,0,1,0,0,0,1,"a"
"427",4,28,4,27,1,5,3,2,3,29,3,2,1,1,1,0,0,1,0,0,1,0,0,1,"a"
"428",4,18,4,11,4,3,3,3,1,46,3,2,1,1,1,0,0,1,0,0,1,0,0,1,"a"
"429",4,9,2,13,1,5,3,4,3,20,3,1,1,1,1,0,0,1,0,0,1,0,0,1,"a"
"430",1,18,4,12,1,1,2,4,4,55,3,3,2,1,1,0,0,1,0,0,0,1,0,0,"b"
"431",4,5,2,34,1,4,3,4,1,74,3,1,1,1,1,0,0,1,0,0,1,0,1,0,"a"
"432",2,24,2,113,1,3,3,3,3,29,1,2,1,2,1,0,0,0,1,0,1,0,0,0,"b"
"433",1,6,4,19,1,1,3,4,4,36,3,3,1,2,1,0,0,1,0,0,0,0,0,0,"a"
"434",4,24,4,21,1,3,1,2,1,33,3,2,1,2,1,0,0,1,0,0,1,0,0,1,"a"
"435",1,9,2,21,1,3,3,2,1,25,3,1,1,1,1,0,0,1,0,0,1,0,0,1,"a"
"436",2,12,2,15,5,3,4,1,1,25,3,1,1,2,1,0,0,1,0,0,1,0,0,1,"b"
"437",4,6,2,7,3,4,4,4,1,23,3,1,1,1,1,0,0,1,0,1,0,0,1,0,"a"
"438",4,24,4,13,4,5,2,4,1,37,3,2,1,2,1,1,0,1,0,0,1,0,0,1,"a"
"439",1,42,4,34,1,1,3,4,3,65,3,2,1,1,1,0,0,0,1,0,1,1,0,0,"a"
"440",3,12,1,6,1,2,2,1,1,26,3,1,1,1,1,0,0,1,0,0,1,1,0,0,"b"
"441",4,12,2,19,1,5,3,4,3,39,3,1,1,2,1,1,0,1,0,0,1,0,0,0,"a"
"442",1,12,2,16,1,3,2,3,2,30,3,1,1,1,1,0,0,0,1,0,1,0,0,1,"a"
"443",2,20,3,26,1,3,3,3,3,29,1,2,1,2,1,0,0,1,0,0,1,0,0,1,"a"
"444",4,12,2,7,1,5,3,4,3,41,1,1,2,1,1,0,0,1,0,0,1,0,1,0,"b"
"445",2,48,4,51,1,3,2,3,3,30,3,1,1,2,1,0,0,1,0,0,1,0,0,0,"b"
"446",4,9,4,12,5,5,2,4,2,41,3,2,1,1,1,0,0,1,0,1,0,0,1,0,"a"
"447",1,36,2,18,1,2,2,4,3,34,3,1,1,2,1,1,0,1,0,0,1,0,0,1,"b"
"448",2,7,2,26,1,3,3,2,1,35,3,1,1,1,1,0,0,0,0,0,1,0,0,1,"a"
"449",3,12,2,14,5,5,2,4,1,55,3,1,1,2,1,0,0,1,0,0,1,0,0,0,"a"
"450",2,15,3,15,4,3,4,3,2,61,2,2,1,1,1,0,0,1,0,0,1,0,0,1,"b"
"451",4,36,4,111,5,3,3,2,3,30,3,1,1,2,1,0,1,1,0,0,1,0,0,0,"a"
"452",4,6,2,5,1,3,2,1,1,29,3,1,1,1,1,0,0,1,0,0,1,0,0,1,"a"
"453",4,12,0,28,1,5,3,4,2,34,3,2,1,1,1,0,0,1,0,0,1,0,0,1,"a"
"454",4,24,2,27,1,5,3,4,3,35,3,1,1,2,1,0,1,1,0,0,1,0,0,0,"a"
"455",1,24,2,48,1,4,3,3,2,31,3,1,1,2,1,1,0,0,1,0,1,0,0,1,"b"
"456",4,24,2,27,1,2,2,1,4,29,3,1,1,2,1,0,1,1,0,0,1,0,0,0,"a"
"457",1,11,4,39,1,3,3,2,1,36,3,2,2,1,1,1,0,1,0,1,0,0,0,1,"a"
"458",1,12,2,34,1,5,3,4,4,35,3,1,1,2,1,0,1,1,0,0,0,0,0,1,"b"
"459",1,6,2,3,1,2,2,1,1,27,3,1,1,1,1,0,0,1,0,0,1,0,0,1,"a"
"460",4,18,2,46,1,2,3,2,3,32,3,1,1,2,1,0,0,1,0,0,1,0,0,1,"a"
"461",1,36,2,36,1,3,3,2,2,37,3,1,2,1,1,0,0,0,0,0,1,0,0,1,"a"
"462",1,15,2,17,1,2,3,3,1,36,3,1,1,1,1,1,0,1,0,0,1,0,0,1,"a"
"463",2,12,2,30,1,2,2,1,1,34,3,1,1,1,1,0,0,1,0,1,0,0,0,0,"a"
"464",2,12,2,8,5,5,3,4,2,38,3,2,1,1,1,0,0,1,0,0,1,0,0,1,"a"
"465",4,18,2,20,1,4,3,1,3,34,2,2,1,2,1,0,0,1,0,0,1,0,0,1,"a"
"466",1,24,2,29,1,3,3,4,4,63,1,1,2,2,1,0,1,0,0,0,1,0,0,1,"a"
"467",1,24,3,17,1,2,2,2,3,29,3,1,1,2,1,0,0,1,0,1,0,0,1,0,"b"
"468",4,48,3,72,5,5,3,3,3,32,1,2,2,1,1,0,0,1,0,0,1,0,0,1,"a"
"469",4,33,3,28,1,3,2,2,3,26,3,2,1,2,1,0,0,1,0,0,1,0,0,1,"a"
"470",4,24,3,47,1,4,3,3,3,35,3,2,1,2,1,0,1,1,0,0,1,0,1,0,"a"
"471",2,24,2,31,2,2,4,2,3,22,3,1,1,2,1,0,0,1,0,1,0,0,0,1,"b"
"472",1,6,2,4,1,2,2,4,2,23,3,1,1,1,1,0,0,1,0,0,1,0,0,1,"b"
"473",1,9,2,7,1,3,3,3,3,28,3,1,1,1,1,1,0,1,0,0,1,0,1,0,"b"
"474",4,6,2,12,5,1,3,4,2,36,3,1,2,2,1,0,0,1,0,0,1,0,0,0,"a"
"475",2,18,4,12,1,3,4,2,3,33,3,1,1,1,1,0,0,1,0,0,1,0,0,1,"b"
"476",1,18,0,31,1,2,2,4,2,26,3,1,1,1,1,0,0,1,0,1,0,0,0,1,"b"
"477",4,39,2,26,3,3,3,4,3,24,3,1,1,1,1,0,1,1,0,0,1,0,0,1,"a"
"478",3,24,2,52,1,4,3,2,3,25,1,1,1,1,1,0,0,1,0,0,1,0,0,1,"a"
"479",2,12,2,10,2,4,3,4,1,39,3,1,1,1,1,0,0,1,0,0,1,0,1,0,"a"
"480",1,15,4,15,1,5,3,4,3,44,3,2,2,2,1,0,0,1,0,0,1,0,0,1,"a"
"481",2,12,4,36,1,3,2,1,1,23,3,1,1,1,1,0,0,1,0,0,1,0,1,0,"a"
"482",2,24,2,12,1,2,3,1,2,26,3,1,1,1,1,1,0,1,0,0,1,0,0,1,"a"
"483",1,30,2,36,4,5,2,4,2,57,3,2,1,2,1,0,0,1,0,1,0,0,0,1,"a"
"484",4,15,3,10,4,4,2,2,2,30,3,2,1,1,1,0,0,1,0,0,1,0,0,1,"a"
"485",4,12,4,12,3,3,3,4,1,44,3,1,1,2,1,1,0,1,0,0,1,0,0,1,"a"
"486",2,6,3,12,1,1,3,4,2,47,3,1,1,2,1,1,0,1,0,0,1,0,0,0,"b"
"487",4,12,2,31,1,3,3,4,3,52,3,1,1,2,1,0,0,1,0,0,1,0,0,1,"a"
"488",4,24,2,38,1,5,2,4,4,62,3,1,1,2,1,1,0,0,1,0,0,0,0,1,"a"
"489",4,10,2,14,2,3,3,2,1,35,3,1,1,1,2,1,0,1,0,1,0,0,1,0,"a"
"490",4,6,2,35,1,3,3,3,2,26,3,1,1,1,1,1,0,0,0,1,0,0,0,1,"a"
"491",4,12,4,19,1,5,3,2,4,26,3,2,1,1,1,0,0,1,0,0,1,0,0,1,"a"
"492",2,27,0,83,1,5,2,4,4,42,3,2,1,2,1,0,0,1,0,0,0,0,0,0,"b"
"493",4,6,4,12,2,3,2,1,2,27,3,2,1,1,1,0,0,1,0,0,1,0,0,1,"a"
"494",2,6,2,4,5,5,3,4,2,38,3,1,1,1,1,0,0,1,0,0,1,0,0,1,"a"
"495",1,12,4,21,1,3,3,2,1,39,3,2,2,1,2,1,0,1,0,1,0,0,1,0,"a"
"496",1,24,2,30,5,3,4,4,3,20,3,1,1,1,1,0,0,1,0,0,1,0,0,1,"b"
"497",2,36,2,90,2,2,3,1,4,29,3,1,1,2,1,0,0,0,1,1,0,0,0,0,"b"
"498",4,24,4,16,1,4,3,3,2,40,3,2,1,1,1,0,0,1,0,0,1,0,0,1,"a"
"499",2,18,2,13,1,5,4,2,1,32,3,1,1,1,1,0,0,0,0,0,1,0,1,0,"a"
"500",3,6,4,13,2,5,1,4,3,28,3,2,2,2,1,1,0,1,0,0,1,0,0,1,"a"
"501",1,24,2,31,1,2,2,1,2,27,3,1,1,1,1,1,0,1,0,0,1,0,0,1,"b"
"502",1,36,2,55,1,5,3,4,4,42,3,1,2,1,1,0,1,1,0,0,0,0,0,1,"a"
"503",3,9,2,11,2,5,1,4,1,49,3,1,1,1,1,0,0,1,0,0,1,0,0,1,"a"
"504",2,24,4,12,2,2,3,4,4,38,1,2,2,1,1,0,0,1,0,0,1,0,0,1,"b"
"505",1,24,2,12,1,2,2,4,2,24,3,1,1,1,1,1,0,1,0,1,0,0,0,1,"b"
"506",4,10,2,13,5,3,3,4,2,27,3,1,1,1,1,1,0,0,0,0,1,0,1,0,"b"
"507",3,15,4,24,3,3,3,2,3,36,3,1,1,2,1,0,1,1,0,0,1,0,0,1,"a"
"508",2,15,1,68,2,1,3,2,2,34,3,1,2,2,1,1,0,1,0,0,1,0,0,0,"b"
"509",4,24,2,14,1,3,4,2,2,28,3,1,1,1,1,0,0,1,0,0,1,0,0,1,"a"
"510",4,39,2,86,2,5,3,2,3,45,3,1,1,2,1,0,1,1,0,0,1,0,0,0,"a"
"511",1,12,2,8,1,4,3,2,1,26,3,1,1,1,1,1,0,1,0,0,1,0,0,1,"b"
"512",4,36,2,47,1,3,3,2,4,32,3,1,1,2,1,0,1,1,0,0,0,0,0,0,"a"
"513",3,15,2,27,1,4,3,4,2,26,3,1,1,2,1,0,0,1,0,1,0,0,0,1,"a"
"514",2,12,3,6,1,3,4,4,1,20,3,2,1,1,1,0,0,0,1,1,0,0,0,1,"a"
"515",4,24,2,23,5,2,3,1,2,54,3,1,1,1,1,1,0,1,0,0,1,0,0,1,"a"
"516",1,6,4,6,1,4,2,3,2,37,3,2,1,1,2,1,0,1,0,0,1,0,0,1,"a"
"517",1,6,4,14,1,2,3,4,1,40,3,1,2,1,2,1,0,1,0,0,1,0,1,0,"a"
"518",4,36,4,71,1,2,2,4,2,23,3,2,1,2,1,0,0,1,0,1,0,0,0,1,"b"
"519",1,6,2,12,2,5,3,2,2,43,3,1,1,2,1,1,0,1,0,0,1,0,0,1,"a"
"520",4,6,4,7,5,5,3,4,4,36,3,2,1,1,1,0,0,1,0,0,0,0,0,1,"a"
"521",4,24,4,55,1,5,3,4,4,44,3,2,1,1,1,0,0,1,0,0,0,0,0,1,"a"
"522",1,18,2,32,1,3,2,2,1,24,3,1,1,1,1,0,0,1,0,0,1,0,0,1,"b"
"523",1,48,0,71,1,3,3,4,4,53,3,2,2,1,1,0,0,1,0,0,0,0,0,1,"b"
"524",4,24,2,35,2,4,2,4,3,23,3,1,1,1,1,0,1,1,0,0,1,0,0,1,"a"
"525",2,18,2,11,1,3,2,4,1,26,3,1,2,1,1,0,0,0,0,0,1,0,1,0,"a"
"526",2,26,2,80,1,2,3,3,3,30,3,2,1,1,1,0,1,1,0,0,1,0,0,1,"a"
"527",4,15,4,15,2,3,2,3,3,31,3,1,1,1,1,0,0,1,0,0,1,0,0,1,"a"
"528",4,4,4,15,1,4,3,1,1,42,3,2,2,1,1,0,0,1,0,0,1,0,1,0,"a"
"529",1,36,2,23,1,3,1,4,3,31,3,1,1,1,1,0,0,1,0,1,0,0,0,1,"b"
"530",1,6,2,7,1,2,3,4,1,41,3,1,2,2,1,1,0,1,0,0,1,0,1,0,"a"
"531",2,36,2,23,1,4,3,1,3,32,3,2,2,1,1,0,0,1,0,0,1,0,0,1,"a"
"532",2,15,2,26,2,3,2,4,3,28,3,2,1,2,1,1,0,1,0,1,0,0,0,1,"b"
"533",4,12,3,15,1,3,4,4,1,41,3,1,1,1,1,0,1,1,0,1,0,0,0,1,"a"
"534",4,24,2,13,2,4,4,3,2,26,3,1,1,2,1,0,0,1,0,0,1,0,0,1,"a"
"535",4,24,2,31,5,2,3,2,3,25,3,2,1,1,1,0,0,1,0,0,1,0,0,1,"a"
"536",3,21,4,23,1,2,1,1,3,33,3,1,1,1,1,0,0,1,0,1,0,0,0,1,"b"
"537",1,6,2,14,5,1,2,3,2,75,3,1,1,2,1,1,0,1,0,0,1,0,0,0,"a"
"538",2,18,4,36,1,5,2,4,2,37,3,1,1,2,1,0,0,1,0,0,1,0,0,1,"a"
"539",1,48,2,78,1,5,3,4,4,42,1,1,1,1,1,1,0,1,0,0,0,0,0,0,"b"
"540",3,18,2,30,1,2,2,1,2,45,2,1,1,1,1,0,0,1,0,0,1,0,1,0,"a"
"541",2,12,2,15,1,2,4,1,1,23,3,1,1,1,1,0,0,1,0,1,0,0,0,1,"b"
"542",4,24,3,20,1,5,3,4,4,60,3,2,1,2,1,1,0,1,0,0,0,0,0,1,"a"
"543",1,30,2,64,5,5,3,4,2,31,3,1,1,1,1,0,0,1,0,0,1,0,0,1,"b"
"544",3,18,2,29,1,3,3,1,1,34,3,1,2,1,1,0,0,1,0,0,1,0,1,0,"b"
"545",4,12,4,13,1,5,3,4,1,61,3,2,1,1,1,1,0,1,0,0,1,0,1,0,"a"
"546",1,24,3,13,1,1,3,2,1,43,3,2,2,1,1,1,0,1,0,0,0,0,0,1,"b"
"547",4,24,4,20,1,3,2,4,3,37,3,1,1,2,1,1,0,1,0,0,1,0,0,1,"a"
"548",4,24,2,16,1,4,3,1,3,32,1,1,2,1,1,0,0,1,0,0,1,0,0,1,"a"
"549",1,12,1,6,1,3,2,4,1,24,1,1,1,1,1,0,0,1,0,0,1,0,1,0,"b"
"550",4,48,4,89,5,4,3,1,4,35,3,2,1,2,1,0,1,1,0,0,0,0,0,1,"a"
"551",4,12,4,10,5,4,2,4,1,23,3,2,1,1,1,0,0,1,0,0,1,0,0,1,"a"
"552",4,6,1,18,3,5,3,4,2,45,1,1,2,1,1,0,0,1,0,0,1,0,1,0,"a"
"553",1,48,2,70,1,4,4,1,1,34,3,2,1,2,1,0,0,0,0,0,1,0,0,1,"b"
"554",2,12,4,20,2,2,3,1,3,27,3,1,1,1,1,1,0,1,0,0,1,0,0,1,"a"
"555",2,9,2,12,1,4,2,4,2,67,3,2,1,2,1,0,0,1,0,0,1,0,0,0,"a"
"556",2,12,2,13,1,2,3,1,3,22,2,1,1,1,1,0,0,1,0,0,1,0,0,1,"b"
"557",2,18,0,23,2,2,2,3,3,28,3,2,1,1,1,1,0,1,0,0,1,0,0,1,"b"
"558",4,21,0,50,5,3,2,4,2,29,1,2,1,2,1,1,0,1,0,0,1,0,0,1,"b"
"559",1,24,1,36,1,4,3,4,3,27,1,1,1,1,1,0,0,1,0,0,1,0,0,1,"b"
"560",2,18,4,19,1,2,3,2,1,31,3,2,1,1,1,0,0,1,0,0,1,0,1,0,"b"
"561",1,24,2,30,5,5,3,4,4,49,1,1,2,2,1,0,1,1,0,0,0,0,0,1,"a"
"562",1,24,1,15,1,4,3,4,3,24,1,1,1,1,1,0,0,0,0,1,0,0,1,0,"b"
"563",3,6,3,7,1,2,2,1,2,29,1,1,1,1,1,0,0,1,0,0,1,0,0,1,"a"
"564",2,36,2,124,5,3,3,4,4,37,3,1,1,2,1,1,0,1,0,0,0,0,0,1,"b"
"565",2,24,3,47,5,3,3,2,2,37,1,2,1,2,1,0,0,1,0,0,1,0,0,0,"a"
"566",2,24,3,16,2,4,2,2,2,23,3,2,1,2,1,0,0,1,0,1,0,0,0,1,"a"
"567",1,12,2,14,1,4,1,3,3,36,3,1,1,1,1,1,0,1,0,0,1,0,0,1,"b"
"568",4,24,4,26,4,5,3,2,3,34,3,1,1,1,1,0,0,1,0,0,1,0,0,1,"a"
"569",2,48,2,40,5,4,3,1,3,41,3,2,2,2,1,0,0,1,0,0,1,0,0,1,"a"
"570",1,48,2,68,1,3,2,2,3,31,3,1,1,2,1,0,0,1,0,0,1,0,0,1,"b"
"571",1,24,2,32,1,2,2,4,1,23,3,1,1,2,1,0,0,1,0,1,0,0,1,0,"b"
"572",4,30,4,60,1,4,3,2,3,38,3,1,1,1,1,0,0,0,1,0,1,0,0,1,"a"
"573",4,24,2,54,5,1,2,4,2,26,3,1,1,2,1,0,1,1,0,1,0,0,0,0,"a"
"574",1,15,2,8,1,3,2,4,2,22,3,1,1,1,1,0,0,1,0,0,1,0,1,0,"a"
"575",2,9,2,11,1,5,3,4,3,27,3,2,1,1,1,0,0,1,0,0,1,0,1,0,"a"
"576",4,15,4,28,1,4,2,3,3,24,1,2,1,1,1,0,0,0,1,0,1,0,0,1,"a"
"577",2,12,2,29,1,4,2,1,1,27,3,1,1,1,1,0,0,1,0,0,1,0,0,1,"a"
"578",4,24,4,19,5,3,2,2,3,33,3,2,1,2,1,0,0,1,0,0,1,0,0,1,"a"
"579",2,36,4,28,1,2,1,4,3,27,3,2,1,1,1,1,0,1,0,0,1,0,0,1,"b"
"580",4,24,2,9,1,2,4,3,3,27,3,2,1,1,1,0,0,1,0,0,1,0,1,0,"a"
"581",2,18,4,11,1,5,3,3,1,30,1,2,1,1,1,1,0,0,0,0,1,0,0,1,"b"
"582",2,12,4,31,1,2,3,3,1,49,1,2,2,1,1,1,0,1,0,0,1,0,1,0,"a"
"583",4,9,2,14,1,3,2,2,1,26,3,1,1,1,1,0,0,1,0,1,0,0,0,1,"a"
"584",2,36,2,24,1,2,3,1,4,33,3,1,1,1,1,0,0,1,0,1,0,0,1,0,"b"
"585",4,12,2,21,5,5,2,4,4,52,3,1,1,2,1,1,0,1,0,0,0,0,0,0,"a"
"586",1,18,2,20,1,3,2,4,1,20,1,1,1,1,1,0,0,1,0,1,0,0,0,1,"b"
"587",1,9,4,28,1,3,3,2,1,36,3,2,2,1,1,1,0,1,0,1,0,0,0,1,"a"
"588",1,12,2,13,1,3,3,1,2,21,3,1,1,1,1,0,0,0,0,0,1,0,1,0,"a"
"589",1,18,2,12,1,3,4,3,1,47,3,1,1,2,1,0,0,1,0,0,1,0,1,0,"b"
"590",1,12,4,22,1,5,3,3,2,60,3,2,1,1,1,0,0,1,0,0,1,0,0,1,"b"
"591",1,12,4,4,1,4,2,3,1,58,3,4,1,2,1,0,0,1,0,0,1,0,1,0,"a"
"592",2,24,3,20,5,3,2,4,3,42,3,2,1,2,1,1,0,1,0,1,0,0,0,1,"a"
"593",4,21,2,16,4,5,2,4,1,36,1,1,1,1,1,0,0,1,0,0,1,0,1,0,"a"
"594",2,24,2,27,1,3,2,4,2,20,3,1,1,2,1,1,0,1,0,1,0,0,1,0,"b"
"595",1,24,1,14,5,5,3,3,3,40,2,1,1,2,1,0,0,1,0,0,1,0,0,0,"b"
"596",2,6,1,9,2,2,2,1,2,32,2,1,1,1,1,1,0,1,0,0,1,0,1,0,"b"
"597",1,24,2,14,1,4,2,4,3,23,3,2,1,1,1,1,0,1,0,1,0,0,0,1,"b"
"598",2,24,0,42,1,3,3,4,1,36,3,3,1,2,1,0,0,1,0,0,1,0,1,0,"b"
"599",4,18,4,28,1,4,3,2,2,31,1,2,1,1,1,1,0,1,0,0,1,0,0,1,"b"
"600",4,24,3,39,1,3,3,2,4,32,3,1,1,1,1,0,0,1,0,0,0,0,0,1,"a"
"601",2,7,2,23,1,2,2,1,1,45,3,1,1,1,1,0,0,0,0,0,1,0,0,1,"a"
"602",2,9,2,9,1,3,2,1,2,30,3,1,1,1,1,0,0,1,0,0,1,0,0,1,"b"
"603",2,24,1,18,1,4,2,4,4,34,1,1,1,1,1,0,0,1,0,0,0,0,1,0,"b"
"604",4,36,2,33,1,3,2,2,3,28,3,1,1,2,1,0,0,1,0,0,1,0,0,0,"b"
"605",3,10,2,13,1,2,2,2,2,23,3,1,1,1,1,0,0,1,0,0,1,0,0,1,"a"
"606",1,24,1,28,3,3,3,4,1,22,2,1,1,2,1,0,0,1,0,0,1,0,0,1,"a"
"607",4,24,4,45,1,3,3,2,1,74,3,1,1,2,1,0,0,1,0,0,1,0,0,0,"a"
"608",2,36,2,27,2,3,2,4,4,50,3,1,1,1,1,0,0,0,1,0,0,0,0,1,"b"
"609",4,18,2,21,1,2,3,1,1,33,3,1,1,1,1,0,0,1,0,0,1,0,0,1,"a"
"610",4,15,2,13,5,5,3,4,4,45,1,1,2,1,1,0,1,1,0,0,0,0,0,1,"a"
"611",1,12,2,7,2,1,2,3,2,22,3,1,1,1,1,0,0,1,0,0,1,0,0,1,"b"
"612",3,10,2,12,2,5,2,4,4,48,3,1,2,1,1,1,0,1,0,0,0,0,1,0,"b"
"613",1,21,2,34,4,2,2,2,3,29,1,1,1,1,1,0,0,1,0,0,1,0,0,1,"a"
"614",1,24,1,36,1,3,2,4,3,22,1,1,1,1,2,0,1,0,0,1,0,0,0,1,"a"
"615",4,18,3,18,1,4,2,1,1,22,3,1,1,1,1,0,0,1,0,0,1,0,0,1,"b"
"616",2,48,0,122,5,3,3,2,3,48,1,1,1,2,1,0,0,1,0,0,1,0,0,0,"a"
"617",2,60,3,92,5,3,3,2,4,27,3,1,1,1,1,0,0,1,0,0,0,0,0,0,"a"
"618",1,6,4,37,1,3,3,3,1,37,3,3,2,1,1,1,0,1,0,1,0,0,0,1,"a"
"619",2,30,2,34,2,3,2,4,3,21,3,1,1,1,1,0,0,0,1,1,0,0,0,1,"b"
"620",4,12,2,6,1,3,1,2,1,49,3,1,1,1,1,1,0,1,0,0,1,0,1,0,"a"
"621",2,21,4,37,1,4,3,3,2,27,3,2,1,1,1,0,0,1,0,0,1,0,0,1,"a"
"622",4,18,4,15,1,3,3,2,2,32,1,2,1,1,1,1,0,1,0,0,1,0,0,1,"b"
"623",4,48,2,39,5,3,1,2,1,38,1,1,1,1,1,0,0,1,0,0,1,0,0,1,"b"
"624",1,12,2,19,1,2,2,1,3,22,3,1,1,1,1,0,0,1,0,1,0,0,0,1,"a"
"625",1,18,2,26,1,3,3,4,4,65,3,2,1,1,1,0,0,1,0,0,0,0,0,1,"b"
"626",4,15,2,20,5,5,3,2,3,35,3,1,1,1,1,0,0,1,0,0,1,0,0,1,"a"
"627",3,6,2,21,1,3,3,2,1,41,3,1,1,2,1,0,0,1,0,0,1,0,0,1,"a"
"628",2,9,1,14,2,4,3,3,4,29,3,1,1,1,1,1,0,1,0,0,1,0,0,1,"b"
"629",4,42,4,40,3,3,3,4,1,36,3,2,1,2,1,0,0,1,0,0,1,0,0,1,"a"
"630",4,9,2,38,5,5,3,4,1,64,3,1,1,1,1,0,0,1,0,0,1,0,1,0,"a"
"631",1,24,2,37,1,3,2,4,3,28,3,1,1,1,1,0,0,1,0,0,1,0,0,1,"a"
"632",1,18,1,16,1,3,3,3,3,44,1,1,1,1,1,0,0,1,0,0,1,0,0,1,"b"
"633",2,15,2,14,5,2,3,1,2,23,3,1,1,1,1,0,0,1,0,0,1,0,0,1,"a"
"634",4,9,2,20,1,2,2,2,3,19,3,2,1,1,1,0,0,0,1,1,0,0,0,1,"b"
"635",2,24,2,14,1,2,2,4,3,25,3,1,1,2,1,1,0,1,0,0,1,0,1,0,"b"
"636",4,12,2,14,1,5,3,4,2,47,1,3,2,2,1,0,0,1,0,0,1,0,0,1,"a"
"637",4,24,2,14,3,4,2,1,3,28,3,1,1,1,1,0,0,1,0,0,1,0,0,1,"a"
"638",4,60,3,157,1,4,3,4,3,21,3,2,1,2,1,0,0,1,0,0,1,0,0,1,"a"
"639",4,12,2,15,1,2,2,3,3,34,3,1,2,1,1,0,0,1,0,0,1,0,0,1,"a"
"640",1,42,3,44,1,4,3,2,2,26,1,2,2,2,1,0,0,1,0,0,1,0,0,1,"b"
"641",1,18,2,8,1,1,2,1,1,27,3,1,1,1,1,0,0,1,0,0,1,1,0,0,"b"
"642",2,15,2,13,1,5,3,4,3,38,3,2,1,1,1,0,0,1,0,0,1,0,1,0,"a"
"643",4,15,2,46,2,3,3,2,2,40,3,1,1,2,1,0,0,1,0,0,1,0,0,0,"b"
"644",4,24,4,19,1,4,4,2,3,33,3,2,1,2,1,0,0,0,0,0,1,0,0,1,"a"
"645",1,18,4,19,1,4,4,1,2,32,3,2,1,2,1,0,0,1,0,0,1,0,0,0,"a"
"646",4,36,3,80,5,2,3,4,3,27,3,2,1,2,1,0,0,1,0,1,0,0,0,1,"b"
"647",1,30,0,46,1,3,1,2,1,32,3,2,1,1,1,0,0,0,0,0,1,0,0,1,"a"
"648",4,12,2,14,3,3,2,2,2,26,3,1,1,1,1,1,0,1,0,0,1,0,0,1,"b"
"649",3,24,2,9,1,4,3,3,4,38,1,1,2,1,1,1,0,1,0,0,0,0,0,1,"b"
"650",1,12,2,7,1,3,3,4,3,40,3,1,2,1,1,0,0,1,0,1,0,0,1,0,"b"
"651",1,48,2,75,1,4,3,1,4,50,3,1,1,2,1,0,0,1,0,0,0,0,0,0,"a"
"652",2,12,2,19,1,3,3,2,2,37,3,1,1,1,1,0,0,1,0,0,1,0,1,0,"b"
"653",1,24,2,23,1,5,3,1,1,45,3,1,1,1,1,1,0,0,1,0,1,0,0,1,"b"
"654",2,36,3,81,2,5,3,4,3,42,3,4,1,2,1,1,0,1,0,0,1,0,0,0,"b"
"655",4,24,4,23,1,4,3,3,3,35,3,2,1,2,1,0,1,1,0,0,1,0,0,1,"a"
"656",1,14,2,40,1,1,3,4,4,22,3,1,1,1,1,1,0,1,0,0,0,0,0,1,"a"
"657",2,12,2,9,1,5,3,4,3,41,1,1,2,1,1,1,0,1,0,0,1,0,1,0,"b"
"658",4,48,2,102,5,4,3,3,3,37,2,1,1,2,1,0,0,1,0,0,1,0,0,1,"a"
"659",2,30,0,42,1,3,2,1,3,28,3,2,1,1,1,0,0,1,0,0,1,0,0,1,"a"
"660",2,18,4,64,1,5,3,1,4,41,3,1,1,2,1,0,0,1,0,0,1,0,0,1,"a"
"661",3,12,2,13,1,3,4,4,1,23,3,1,1,1,1,0,0,1,0,1,0,0,0,1,"a"
"662",1,12,2,9,5,3,4,2,3,23,3,1,1,1,1,1,0,1,0,0,1,0,0,1,"b"
"663",4,21,2,22,1,5,3,2,1,50,3,2,1,1,1,0,0,1,0,0,1,0,0,1,"a"
"664",2,6,3,10,1,1,3,1,2,35,2,2,1,2,1,0,0,1,0,0,1,0,0,0,"a"
"665",3,6,4,10,1,3,2,4,2,50,3,1,1,1,1,0,0,1,0,0,1,0,1,0,"a"
"666",4,24,4,63,1,1,3,2,4,27,1,2,1,2,1,0,0,0,1,0,1,0,0,0,"a"
"667",2,30,1,35,4,3,3,2,3,34,2,1,2,2,1,0,0,1,0,0,1,0,0,1,"a"
"668",4,48,1,36,1,3,2,1,1,27,2,1,1,1,1,0,0,1,0,0,1,0,0,1,"a"
"669",1,12,4,48,1,5,3,4,2,43,3,2,1,2,1,1,0,0,1,1,0,0,0,1,"b"
"670",3,30,4,30,1,5,3,4,2,47,3,1,1,1,1,0,0,1,0,0,1,0,0,1,"a"
"671",4,24,4,41,2,3,3,3,2,27,3,2,1,2,1,0,0,1,0,0,1,0,1,0,"a"
"672",4,36,2,57,2,4,3,2,3,31,3,2,1,2,1,0,0,1,0,0,1,0,0,1,"a"
"673",4,60,2,104,1,5,3,4,2,42,3,1,1,2,1,1,0,1,0,0,1,0,0,0,"a"
"674",4,6,4,21,3,3,4,2,3,24,3,1,1,1,1,1,0,1,0,0,1,0,0,1,"a"
"675",4,21,3,26,3,2,3,2,1,41,1,1,2,1,1,0,0,1,0,0,1,0,1,0,"b"
"676",4,30,4,45,1,4,2,4,3,26,3,1,1,2,1,0,0,1,0,1,0,0,0,0,"a"
"677",4,24,4,52,1,5,3,4,3,33,3,1,1,2,1,0,0,1,0,0,1,0,0,1,"a"
"678",2,72,2,56,2,3,4,2,3,24,3,1,1,1,1,0,0,1,0,0,1,0,0,1,"b"
"679",1,24,2,24,1,5,3,4,1,64,1,1,1,1,1,0,0,1,0,1,0,0,1,0,"a"
"680",4,18,2,15,1,2,2,1,1,26,3,1,1,1,1,0,0,1,0,0,1,0,0,1,"a"
"681",4,6,2,15,1,2,2,2,4,56,3,1,1,1,1,0,0,1,0,0,1,0,0,1,"a"
"682",4,12,2,23,5,3,3,4,4,37,3,1,1,2,1,0,0,1,0,0,0,0,0,1,"a"
"683",4,15,3,15,1,3,4,3,1,33,1,2,1,1,1,0,0,1,0,0,1,0,0,1,"a"
"684",4,24,4,51,1,2,4,3,4,47,3,3,1,2,1,0,0,1,0,0,0,0,0,1,"a"
"685",2,36,3,99,2,4,3,3,2,31,3,2,2,2,1,0,0,1,0,0,1,0,1,0,"a"
"686",4,60,2,65,5,3,3,4,4,34,3,1,2,2,1,1,0,1,0,0,0,0,0,1,"a"
"687",3,10,4,13,5,4,3,2,2,27,3,2,1,2,1,0,0,1,0,0,1,0,0,1,"a"
"688",2,36,3,29,2,5,3,3,4,30,3,1,1,1,1,1,0,1,0,0,0,0,0,1,"a"
"689",4,9,2,28,2,5,3,4,3,35,3,1,1,2,1,0,0,0,1,0,1,0,0,1,"a"
"690",1,12,2,37,4,3,3,3,2,31,3,1,2,1,1,1,0,1,0,0,1,0,0,1,"a"
"691",1,15,4,10,1,3,1,3,2,25,3,2,1,1,1,0,0,1,0,0,1,0,0,1,"a"
"692",2,15,2,26,2,3,2,2,1,25,3,1,1,1,1,0,0,1,0,0,1,0,1,0,"a"
"693",2,24,2,29,2,2,3,1,3,29,3,1,1,1,1,0,0,1,0,0,1,0,0,1,"a"
"694",1,6,4,47,5,2,3,3,1,44,3,2,2,1,1,1,0,1,0,0,1,0,1,0,"a"
"695",4,24,2,23,1,4,3,2,3,28,3,1,1,2,1,0,0,1,0,0,1,0,0,1,"a"
"696",4,6,2,12,3,3,3,4,2,50,3,1,1,1,1,0,1,1,0,1,0,0,0,1,"a"
"697",2,12,2,11,1,4,3,3,1,29,3,2,1,1,2,0,0,0,0,0,1,0,0,1,"a"
"698",4,12,4,9,1,1,2,2,2,38,3,1,1,1,1,1,0,1,0,0,1,1,0,0,"a"
"699",4,18,4,18,1,3,3,2,3,24,3,2,1,1,1,0,0,1,0,0,1,0,0,1,"a"
"700",3,15,2,19,1,5,3,4,3,40,3,1,1,2,1,0,0,1,0,1,0,0,0,0,"a"
"701",4,12,2,11,3,3,2,4,3,29,3,1,1,1,1,0,0,1,0,1,0,0,1,0,"b"
"702",1,48,4,63,1,5,3,4,4,46,3,2,1,2,1,0,1,1,0,0,0,0,0,1,"b"
"703",3,24,2,14,2,5,2,2,4,47,3,1,1,2,1,0,0,1,0,0,0,0,0,1,"a"
"704",2,30,3,25,2,5,3,2,2,41,2,2,1,1,1,0,0,1,0,0,1,0,0,1,"a"
"705",2,27,2,25,1,2,2,1,2,32,3,1,2,2,1,0,0,1,0,0,1,0,0,1,"a"
"706",4,15,2,53,3,5,2,4,4,35,3,1,1,1,1,1,0,1,0,0,0,0,0,1,"a"
"707",2,48,2,66,2,4,3,2,2,24,3,1,1,1,1,1,0,1,0,0,1,0,0,1,"b"
"708",2,12,0,30,1,2,2,3,2,25,3,2,1,1,1,0,0,1,0,1,0,0,0,1,"b"
"709",2,9,2,12,1,5,2,4,1,25,3,1,1,1,1,0,0,1,0,0,1,0,0,1,"a"
"710",2,9,2,21,1,3,3,2,1,37,3,1,2,1,1,0,0,1,0,0,1,0,1,0,"a"
"711",4,18,4,6,3,5,3,3,2,32,1,2,1,2,1,0,0,1,0,0,1,0,0,0,"a"
"712",1,6,1,12,1,5,2,4,4,35,3,1,1,1,1,0,0,1,0,0,0,0,0,1,"b"
"713",4,21,2,25,5,5,3,4,1,46,3,1,1,2,1,0,1,1,0,0,1,0,0,0,"a"
"714",1,9,4,11,1,3,3,4,1,25,3,2,1,1,1,0,0,1,0,0,1,0,1,0,"a"
"715",2,60,2,140,1,4,3,2,4,27,3,1,1,2,1,1,0,1,0,0,1,0,0,0,"b"
"716",4,30,4,76,5,5,3,4,3,63,3,2,1,1,1,0,1,1,0,0,1,0,0,1,"a"
"717",4,30,4,31,5,5,3,2,3,40,3,2,2,2,1,0,0,1,0,0,1,0,0,1,"a"
"718",4,18,2,15,1,3,3,2,4,32,3,1,1,2,1,0,0,1,0,0,0,0,0,0,"a"
"719",3,24,4,31,5,3,3,2,3,31,3,2,1,2,1,0,0,1,0,0,1,0,0,1,"a"
"720",2,20,0,61,2,5,4,4,3,31,1,2,1,2,1,0,1,1,0,0,1,0,0,1,"a"
"721",3,9,0,13,1,2,3,2,3,34,3,2,1,2,1,0,0,1,0,0,1,0,0,0,"b"
"722",2,6,1,4,4,2,2,2,2,24,1,1,2,1,1,0,0,1,0,1,0,0,0,1,"b"
"723",1,12,2,12,1,3,2,2,1,24,3,1,1,1,1,1,0,1,0,0,1,0,1,0,"b"
"724",2,9,2,8,3,3,2,3,1,66,3,1,1,1,1,0,0,1,0,0,1,0,1,0,"a"
"725",4,27,2,26,1,3,2,3,1,21,3,1,1,1,1,1,0,1,0,1,0,0,0,1,"b"
"726",4,6,4,2,4,3,2,2,1,41,1,2,1,1,1,1,0,1,0,0,1,0,1,0,"a"
"727",4,15,4,13,3,3,4,2,2,47,3,2,1,1,1,0,0,1,0,0,1,0,1,0,"a"
"728",1,18,2,19,1,3,2,4,3,25,1,2,1,1,1,0,0,1,0,1,0,0,0,1,"b"
"729",2,48,1,64,1,5,2,3,4,59,3,1,1,1,1,0,0,1,0,1,0,0,0,1,"b"
"730",3,24,4,13,4,3,1,4,1,36,3,2,1,2,1,0,0,1,0,0,1,0,0,1,"a"
"731",2,24,3,64,1,2,3,2,3,33,3,1,1,1,1,0,0,1,0,0,1,0,0,1,"a"
"732",1,24,2,20,1,3,3,4,1,21,3,1,2,1,1,0,0,1,0,1,0,0,1,0,"b"
"733",2,8,2,8,1,4,2,2,1,44,3,1,1,1,1,0,0,0,0,0,1,0,1,0,"a"
"734",4,24,2,26,4,3,2,4,3,28,3,1,1,2,1,0,1,1,0,1,0,0,0,1,"a"
"735",4,4,4,34,1,4,2,1,1,37,3,1,2,1,1,1,0,1,0,0,1,0,0,1,"a"
"736",2,36,1,40,5,2,2,2,4,29,1,1,1,1,1,0,0,1,0,0,1,1,0,0,"a"
"737",2,24,2,116,1,3,2,4,3,23,3,2,1,1,1,0,1,1,0,1,0,0,0,0,"b"
"738",1,18,2,44,2,3,3,4,3,35,3,1,2,2,1,1,0,1,0,0,1,0,1,0,"a"
"739",4,6,4,68,1,4,3,3,4,45,3,2,2,2,1,1,0,1,0,0,1,0,0,0,"a"
"740",2,30,0,43,2,3,2,4,3,26,3,2,1,1,1,0,0,1,0,1,0,0,1,0,"b"
"741",1,24,1,23,2,4,3,3,3,32,1,1,1,1,1,1,0,1,0,0,1,0,0,1,"a"
"742",2,10,1,10,1,3,3,4,1,23,2,1,1,1,1,0,0,1,0,0,1,0,1,0,"a"
"743",4,21,2,32,5,5,3,3,2,41,3,1,1,2,1,0,0,1,0,0,1,0,0,1,"a"
"744",1,24,1,25,3,3,3,4,1,22,2,1,1,2,1,0,0,1,0,0,1,0,0,1,"a"
"745",1,39,4,142,5,4,3,4,2,30,3,2,1,2,1,0,0,1,0,0,1,0,0,0,"a"
"746",1,13,4,18,1,2,3,1,2,28,1,2,1,1,1,0,0,1,0,0,1,0,1,0,"a"
"747",1,15,2,25,1,1,2,4,3,23,3,1,1,1,1,1,0,1,0,1,0,0,0,1,"a"
"748",1,12,2,13,1,2,2,1,1,37,3,1,1,1,1,1,0,1,0,0,1,0,1,0,"b"
"749",4,21,2,52,5,3,3,3,3,26,3,1,1,1,1,0,1,1,0,0,1,0,0,1,"a"
"750",4,15,2,30,1,4,3,2,3,33,3,1,1,1,1,0,1,1,0,0,1,0,0,1,"a"
"751",1,6,2,4,1,5,2,1,2,49,1,1,1,2,1,0,0,1,0,0,1,0,0,1,"a"
"752",1,18,2,10,1,2,2,2,3,23,3,1,1,1,1,1,0,1,0,0,1,0,1,0,"b"
"753",2,12,2,8,2,4,2,4,1,23,3,1,1,1,1,0,0,1,0,1,0,0,1,0,"a"
"754",4,30,4,58,1,4,2,2,3,25,3,2,1,1,1,0,0,1,0,0,1,0,0,1,"a"
"755",4,12,3,16,4,5,3,4,4,55,3,2,2,1,1,0,0,1,0,0,0,0,0,1,"b"
"756",1,24,2,13,5,4,2,4,4,32,3,1,1,1,1,1,0,1,0,1,0,0,0,1,"b"
"757",3,6,4,13,1,3,3,1,1,74,3,3,2,1,2,1,0,1,0,0,1,1,0,0,"a"
"758",3,15,4,13,5,3,3,4,4,39,3,2,1,2,1,0,0,1,0,0,0,0,0,1,"b"
"759",4,24,2,14,1,3,3,2,1,31,3,1,1,2,1,1,0,0,0,0,1,0,0,1,"a"
"760",1,12,4,7,1,5,3,3,2,35,3,2,1,1,1,1,0,1,0,0,1,0,0,1,"b"
"761",4,15,4,50,5,5,2,4,3,59,3,1,1,2,1,1,0,1,0,0,1,0,0,1,"a"
"762",1,18,4,21,1,3,2,4,1,24,3,2,1,1,1,0,0,1,0,1,0,0,0,1,"b"
"763",1,12,2,22,1,3,3,3,2,24,3,1,1,1,1,0,0,1,0,0,1,0,1,0,"a"
"764",4,21,4,127,5,5,3,4,4,30,3,1,1,2,1,1,0,1,0,0,0,0,0,0,"b"
"765",4,24,4,25,2,4,4,3,2,27,3,2,1,2,1,1,0,1,0,0,1,0,0,1,"a"
"766",2,12,2,12,1,5,4,3,1,40,1,2,1,1,1,0,0,0,0,0,1,0,1,0,"a"
"767",1,30,2,31,1,2,1,4,2,31,3,1,1,1,1,0,0,1,0,0,1,0,1,0,"b"
"768",4,10,2,29,5,2,2,4,1,31,3,1,1,1,1,0,1,1,0,1,0,0,0,1,"a"
"769",2,12,4,36,1,5,3,4,3,28,3,3,1,2,1,0,0,1,0,1,0,0,0,1,"a"
"770",4,12,4,17,1,5,3,4,1,63,3,2,1,2,1,0,0,1,0,0,1,0,1,0,"a"
"771",1,24,2,28,5,5,2,4,1,26,3,1,1,1,1,0,1,1,0,1,0,0,0,1,"a"
"772",1,36,4,81,1,3,2,2,4,25,3,2,1,2,1,0,0,1,0,0,1,0,0,0,"b"
"773",4,21,4,33,1,5,3,4,3,36,3,1,1,2,1,0,1,1,0,0,1,0,0,0,"a"
"774",4,24,4,22,2,5,3,4,2,52,1,2,1,1,1,0,0,1,0,0,1,0,0,1,"a"
"775",3,12,4,15,3,1,3,4,4,66,1,3,1,1,1,1,0,1,0,0,0,1,0,0,"a"
"776",1,24,2,14,5,3,2,4,1,25,3,1,1,1,1,1,0,1,0,1,0,0,0,1,"b"
"777",4,36,4,35,1,4,3,4,3,37,3,2,1,2,1,1,0,1,0,0,1,0,0,1,"a"
"778",1,18,2,35,1,4,2,1,1,25,3,1,1,1,1,0,0,0,0,0,1,0,0,1,"a"
"779",4,36,4,57,4,5,3,2,3,38,3,2,1,2,1,0,1,1,0,0,1,0,0,0,"a"
"780",2,18,2,39,1,1,2,4,3,67,3,1,1,2,1,0,0,1,0,0,1,0,0,1,"a"
"781",2,39,4,49,1,4,3,2,1,25,3,2,1,1,1,0,0,0,0,0,1,0,0,1,"b"
"782",4,24,4,19,4,5,3,4,1,60,3,1,1,2,1,1,0,1,0,0,1,0,0,1,"a"
"783",2,12,0,14,1,3,3,2,1,31,3,1,1,2,1,0,0,1,0,0,1,0,1,0,"a"
"784",2,12,2,8,2,2,2,2,2,23,1,1,1,1,1,1,0,1,0,0,1,0,1,0,"b"
"785",2,20,2,65,5,1,1,4,1,60,3,1,1,2,1,0,1,1,0,0,1,0,0,0,"a"
"786",2,18,2,19,4,3,3,2,2,35,3,1,1,2,1,0,0,1,0,0,1,0,1,0,"a"
"787",4,22,2,27,3,5,3,4,3,40,3,1,1,1,1,0,0,1,0,0,1,0,0,1,"a"
"788",4,48,4,28,5,5,3,3,3,38,3,2,2,2,1,0,1,1,0,0,1,0,0,1,"a"
"789",2,48,3,62,1,5,3,4,4,50,3,1,1,1,1,0,0,1,0,0,0,0,0,1,"b"
"790",1,40,4,60,1,3,3,3,4,27,1,1,1,2,1,0,0,1,0,0,1,0,0,1,"b"
"791",2,21,2,12,1,5,2,4,2,39,3,1,2,1,1,0,0,1,0,0,1,0,0,1,"b"
"792",4,24,2,63,5,5,3,4,3,41,3,1,2,2,1,0,1,1,0,0,1,0,0,0,"a"
"793",4,6,4,12,5,3,4,2,2,27,3,2,1,1,1,0,0,1,0,0,1,0,0,1,"a"
"794",3,24,2,29,1,5,1,4,4,51,3,1,1,1,1,0,0,1,0,0,0,0,0,1,"a"
"795",4,24,2,31,3,5,3,3,4,32,3,1,1,2,1,0,0,1,0,1,0,0,0,1,"a"
"796",4,9,2,23,2,2,2,4,2,22,3,1,1,1,1,0,0,1,0,1,0,0,0,1,"a"
"797",1,18,2,75,5,5,3,4,2,51,3,1,2,2,1,0,1,1,0,0,0,0,0,1,"b"
"798",4,12,4,13,1,2,2,4,2,22,3,2,1,1,1,0,0,1,0,1,0,0,1,0,"a"
"799",4,24,3,7,5,5,4,4,3,54,3,2,1,2,1,1,0,1,0,0,1,0,0,1,"a"
"800",2,9,2,15,5,2,3,2,1,35,3,1,1,1,1,1,0,1,0,0,1,1,0,0,"a"
"801",4,24,4,16,1,5,3,4,4,54,3,2,2,1,1,0,0,1,0,0,0,0,0,1,"a"
"802",2,18,4,18,1,5,2,4,1,48,1,2,1,2,1,0,0,0,0,1,0,0,1,0,"a"
"803",1,20,4,43,1,5,2,4,2,24,3,2,1,1,1,0,0,1,0,0,1,0,0,1,"a"
"804",4,12,4,10,5,5,3,4,3,35,3,2,1,1,1,0,0,1,0,0,1,0,0,1,"a"
"805",2,12,2,75,5,1,2,2,1,24,3,1,1,1,1,1,0,1,0,1,0,1,0,0,"a"
"806",1,36,2,93,1,4,3,1,3,24,3,1,1,2,1,1,0,1,0,0,1,0,0,1,"b"
"807",2,6,2,6,1,2,4,3,1,26,3,1,1,1,2,0,0,1,0,0,1,0,1,0,"a"
"808",4,12,4,9,5,5,3,4,1,65,3,4,1,1,1,0,0,1,0,0,1,0,0,1,"a"
"809",2,42,1,93,1,1,3,2,4,55,1,1,1,2,1,0,1,1,0,0,0,0,0,0,"a"
"810",2,15,0,18,1,2,2,1,1,26,3,2,1,1,1,1,0,1,0,1,0,1,0,0,"b"
"811",2,8,2,9,1,2,4,2,1,26,3,1,1,2,1,0,0,1,0,0,1,0,0,1,"a"
"812",2,6,2,5,1,4,4,3,1,28,1,1,1,1,1,0,0,0,0,0,1,0,1,0,"a"
"813",1,36,4,96,1,4,3,4,3,24,3,2,1,2,1,0,1,1,0,0,1,0,0,1,"b"
"814",1,48,2,31,1,3,3,4,3,54,3,1,1,1,1,0,0,1,0,0,1,0,0,1,"b"
"815",1,48,2,39,1,4,3,4,4,46,3,1,2,1,1,1,0,1,0,0,0,0,0,1,"b"
"816",2,36,3,74,1,3,2,2,2,54,3,1,1,1,1,1,0,1,0,1,0,0,0,1,"a"
"817",4,6,2,13,3,3,1,4,1,62,3,1,1,1,1,0,0,1,0,0,1,0,0,1,"a"
"818",4,6,4,16,1,4,2,2,3,24,3,2,1,2,1,0,0,1,0,1,0,0,0,1,"a"
"819",1,36,2,159,1,1,1,3,3,43,3,1,1,1,1,0,0,0,1,0,1,0,0,0,"a"
"820",1,18,2,13,1,3,4,3,1,26,1,1,1,1,1,0,0,1,0,0,1,0,0,1,"b"
"821",4,12,2,11,1,3,4,2,1,27,3,2,1,2,1,1,0,1,0,0,1,0,0,1,"a"
"822",3,12,2,30,1,3,4,1,3,24,3,1,1,1,1,0,0,1,0,0,1,0,0,1,"a"
"823",1,36,2,27,1,5,3,2,2,41,1,1,2,1,1,0,0,1,0,0,1,0,0,1,"b"
"824",1,8,4,7,1,5,3,4,1,47,3,2,1,1,1,1,0,1,0,0,1,0,1,0,"a"
"825",4,18,4,38,1,2,1,2,3,35,3,2,1,2,1,0,0,1,0,0,1,0,0,0,"a"
"826",1,21,4,16,1,5,4,3,3,30,3,2,1,2,1,1,0,1,0,0,1,0,0,1,"a"
"827",1,18,4,40,1,5,2,4,1,33,1,3,1,2,1,1,0,1,0,1,0,0,0,1,"b"
"828",4,18,0,42,1,3,3,2,3,36,2,2,2,1,1,0,0,1,0,0,1,0,0,1,"b"
"829",1,36,2,83,5,5,3,4,4,47,3,1,1,1,1,0,1,1,0,0,0,0,0,1,"b"
"830",2,48,3,67,5,3,3,4,4,38,3,1,2,2,1,0,0,1,0,0,0,0,0,1,"a"
"831",4,24,3,24,3,3,3,2,3,44,3,2,2,2,1,0,0,1,0,0,1,0,0,1,"a"
"832",1,18,2,12,1,2,2,3,3,23,3,1,1,2,1,1,0,1,0,1,0,0,0,1,"b"
"833",1,45,0,118,1,5,3,4,3,29,3,2,1,1,1,0,0,1,0,1,0,0,0,1,"b"
"834",2,24,2,51,5,5,2,4,3,42,3,1,1,2,1,0,0,1,0,0,1,0,0,1,"a"
"835",3,15,2,23,1,2,2,3,1,25,3,1,1,1,1,0,0,1,0,0,1,0,1,0,"b"
"836",1,12,0,11,1,3,3,4,3,48,1,2,1,1,1,1,0,1,0,0,1,0,0,1,"b"
"837",4,12,2,9,5,3,2,2,3,21,3,1,1,1,1,0,0,1,0,0,1,0,0,1,"a"
"838",4,4,2,6,1,2,2,3,1,23,3,1,2,1,1,0,0,1,0,1,0,0,1,0,"a"
"839",1,24,4,30,1,5,3,4,2,63,3,2,1,2,1,0,1,1,0,0,1,0,0,1,"a"
"840",4,24,4,26,1,5,4,3,1,46,3,2,1,1,1,0,0,0,1,0,1,0,0,1,"a"
"841",1,36,2,52,1,4,3,2,2,29,3,1,1,1,1,0,0,1,0,0,1,0,0,1,"b"
"842",4,21,3,30,1,3,3,2,1,28,2,2,1,1,1,0,1,1,0,0,1,0,1,0,"a"
"843",4,18,2,19,1,2,2,4,1,23,3,1,1,1,1,0,0,1,0,0,1,0,0,1,"b"
"844",4,24,1,16,1,4,3,4,3,50,1,1,1,2,1,0,0,1,0,0,1,0,0,1,"a"
"845",4,18,2,34,1,5,3,4,2,47,1,3,2,2,1,0,0,1,0,0,1,0,0,1,"a"
"846",2,21,2,40,5,4,3,3,3,35,3,1,1,2,1,0,0,1,0,0,1,0,0,1,"a"
"847",4,18,2,68,5,3,3,4,3,68,3,2,1,1,1,1,0,1,0,1,0,0,0,1,"b"
"848",4,24,2,12,1,2,4,2,1,28,3,1,1,1,1,1,0,1,0,0,1,0,0,1,"a"
"849",1,9,2,14,1,4,3,4,1,59,3,1,1,1,1,0,0,1,0,0,1,0,0,1,"a"
"850",1,12,2,7,1,5,3,4,1,57,2,1,1,1,1,0,0,1,0,0,1,0,1,0,"b"
"851",1,20,4,22,1,3,4,2,2,33,1,2,1,1,2,1,0,0,0,1,0,0,0,1,"b"
"852",4,24,4,40,5,4,3,4,2,43,3,2,1,2,1,0,1,1,0,0,1,0,0,1,"a"
"853",4,15,4,15,1,3,3,4,4,35,3,2,1,2,1,0,0,1,0,0,0,0,0,1,"a"
"854",1,18,1,14,1,4,3,4,4,32,3,2,2,1,1,1,0,1,0,0,0,0,1,0,"b"
"855",4,36,3,109,1,5,3,2,3,45,3,2,2,2,1,1,0,1,0,0,1,0,0,1,"a"
"856",4,24,2,15,2,2,4,3,1,33,3,1,1,2,1,1,0,1,0,0,1,0,0,1,"a"
"857",4,10,2,9,5,4,2,3,2,40,3,1,1,2,1,0,0,1,0,0,1,0,0,1,"a"
"858",4,15,4,33,1,3,3,2,4,28,3,1,1,2,1,0,0,1,0,0,0,0,0,1,"a"
"859",1,15,2,40,1,3,2,2,2,29,3,1,1,2,1,1,0,1,0,0,1,0,0,1,"b"
"860",4,9,2,36,2,3,3,2,1,26,3,1,2,1,2,1,0,0,0,1,0,0,0,1,"a"
"861",4,24,4,58,4,3,3,2,1,27,3,2,1,1,1,0,1,1,0,0,1,0,0,1,"a"
"862",4,18,3,22,1,3,4,2,3,28,3,1,1,2,1,0,0,1,0,0,1,0,0,1,"b"
"863",1,24,2,24,1,2,2,4,1,35,3,1,1,2,1,0,0,1,0,0,1,0,0,1,"b"
"864",4,27,4,45,4,2,3,2,1,32,2,2,2,2,1,0,0,1,0,0,1,0,1,0,"a"
"865",4,10,2,22,1,3,3,2,1,25,1,1,1,1,1,0,0,1,0,1,0,0,1,0,"b"
"866",4,15,2,22,3,3,2,4,3,20,3,1,1,1,1,0,0,1,0,1,0,0,0,1,"a"
"867",1,18,2,24,1,2,2,1,3,27,2,1,1,1,1,0,0,1,0,0,1,0,0,1,"a"
"868",4,12,4,33,1,5,3,4,2,42,2,1,1,1,1,0,0,1,0,0,1,0,0,1,"a"
"869",4,36,2,74,5,5,3,2,2,37,3,2,1,1,1,0,0,1,0,0,1,0,0,1,"a"
"870",1,12,2,7,1,5,2,4,2,24,3,1,1,1,1,0,0,1,0,1,0,0,0,1,"a"
"871",4,36,3,77,3,4,2,4,3,40,3,2,1,2,1,0,0,1,0,0,1,0,0,1,"a"
"872",3,6,4,13,1,5,3,4,1,46,3,2,2,1,2,1,0,1,0,0,1,0,0,1,"a"
"873",1,24,4,14,2,4,3,1,1,26,3,2,1,2,1,0,0,1,0,0,1,0,0,1,"a"
"874",4,15,2,9,5,2,2,1,1,24,3,1,1,1,1,0,0,1,0,0,1,0,0,1,"a"
"875",1,12,2,36,1,3,3,2,2,29,3,1,2,1,1,0,0,0,1,0,1,0,1,0,"a"
"876",2,11,4,13,4,3,2,4,3,40,3,2,1,1,1,1,0,1,0,0,1,0,0,1,"a"
"877",1,18,1,19,1,2,3,4,4,36,1,1,1,2,1,0,0,0,1,0,0,0,0,0,"a"
"878",4,36,2,36,1,5,3,2,3,28,3,1,1,1,1,0,0,1,0,0,1,0,0,1,"a"
"879",1,9,2,14,1,2,3,2,4,27,3,1,1,2,1,1,0,1,0,0,0,0,0,0,"b"
"880",4,30,4,67,5,4,3,3,2,36,3,2,1,1,1,0,0,1,0,0,1,0,0,1,"a"
"881",4,24,2,78,1,4,3,3,3,38,3,1,1,2,1,0,1,1,0,0,1,0,0,0,"a"
"882",4,24,2,93,5,3,1,4,4,48,3,1,1,2,1,0,1,1,0,0,0,0,0,1,"a"
"883",2,30,4,22,5,5,3,4,1,36,3,2,1,1,1,1,0,1,0,0,1,0,0,1,"a"
"884",4,18,4,11,1,1,2,4,3,65,3,2,1,1,1,0,0,1,0,0,1,1,0,0,"a"
"885",2,24,2,41,1,4,1,3,3,43,3,1,1,2,1,0,0,1,0,0,1,0,0,1,"b"
"886",1,12,2,8,1,2,2,4,2,53,3,1,1,1,1,0,0,1,0,0,1,0,0,1,"b"
"887",2,24,4,28,5,4,3,3,4,34,3,2,2,2,1,0,0,1,0,0,1,0,0,1,"a"
"888",2,48,2,157,1,3,3,2,3,23,3,1,1,2,1,0,0,1,0,0,1,0,0,1,"b"
"889",4,36,4,66,1,5,3,4,3,34,3,2,1,2,1,1,0,1,0,0,1,0,0,0,"a"
"890",4,28,1,78,5,2,3,4,1,40,1,2,2,2,1,0,1,0,0,1,0,0,0,1,"a"
"891",1,27,4,24,1,5,3,4,3,43,2,4,2,2,1,0,0,1,0,0,1,0,0,0,"a"
"892",4,15,4,18,1,5,3,4,3,46,3,2,1,2,1,0,0,1,0,0,1,0,0,1,"a"
"893",1,12,4,22,1,3,3,4,2,38,1,2,1,1,2,1,0,1,0,0,1,0,1,0,"a"
"894",2,36,4,58,1,3,3,4,3,34,3,2,1,2,1,0,1,1,0,0,1,0,0,1,"a"
"895",4,18,4,12,5,3,3,3,2,29,3,2,1,2,1,0,0,1,0,0,1,0,0,1,"a"
"896",4,36,3,89,5,4,3,2,3,31,2,1,2,2,1,0,1,1,0,0,1,0,0,0,"a"
"897",1,21,2,26,1,2,2,4,2,28,3,1,1,2,1,0,0,1,0,1,0,0,0,0,"a"
"898",4,12,4,16,4,4,2,2,2,35,3,1,1,1,2,0,0,1,0,0,1,0,0,1,"a"
"899",4,15,2,22,5,4,2,4,1,33,1,1,1,1,1,0,0,1,0,1,0,0,1,0,"a"
"900",1,18,2,42,1,3,3,3,3,42,3,1,1,1,1,0,0,0,1,0,1,0,0,1,"b"
"901",1,16,4,26,1,5,3,4,2,43,1,1,1,2,1,1,0,0,0,1,0,0,0,1,"b"
"902",4,20,4,35,5,2,1,4,1,44,3,2,1,2,1,1,0,1,0,0,1,0,0,1,"a"
"903",4,36,4,105,5,5,3,4,4,42,3,2,1,1,1,0,1,1,0,0,0,0,0,1,"a"
"904",4,15,2,14,5,3,4,2,1,40,3,1,1,2,1,0,0,1,0,1,0,0,0,1,"a"
"905",4,24,2,13,1,5,3,1,1,36,3,1,1,2,1,0,0,1,0,0,1,0,0,0,"a"
"906",1,12,2,11,1,3,3,2,1,20,3,1,2,2,1,0,0,1,0,1,0,0,0,0,"a"
"907",1,21,2,38,5,4,3,2,1,24,3,1,1,1,2,1,0,0,1,0,1,0,1,0,"a"
"908",2,36,2,37,5,3,4,2,3,27,3,1,1,1,1,0,0,1,0,0,1,0,0,1,"a"
"909",4,15,3,36,1,2,2,2,2,46,3,2,1,1,1,0,1,1,0,0,1,0,1,0,"a"
"910",2,9,2,32,5,3,2,2,1,33,3,1,1,1,1,1,0,1,0,0,1,0,1,0,"a"
"911",4,36,3,45,1,3,2,4,1,34,3,2,1,1,1,0,0,1,0,0,1,0,0,1,"a"
"912",2,24,4,47,1,2,2,4,3,25,1,1,1,1,1,0,0,1,0,0,1,0,1,0,"b"
"913",2,30,2,30,5,5,2,4,3,25,3,1,1,1,1,0,0,1,0,0,1,0,0,1,"a"
"914",4,11,2,21,4,5,1,2,1,28,3,1,1,2,1,0,0,1,0,0,1,0,0,1,"a"
"915",1,24,1,32,1,3,3,2,2,31,3,1,1,2,1,0,0,1,0,1,0,0,0,1,"b"
"916",2,48,0,184,1,3,2,2,2,32,1,1,1,2,2,0,0,1,0,0,1,0,0,0,"b"
"917",4,10,2,28,2,3,3,2,1,32,3,1,2,1,1,0,1,0,1,0,1,0,0,1,"a"
"918",1,6,2,149,1,5,3,4,4,68,1,1,1,2,1,1,0,1,0,0,1,0,0,0,"b"
"919",1,24,2,24,2,1,1,1,2,33,3,1,1,1,1,0,0,1,0,0,1,0,0,1,"b"
"920",1,24,2,33,1,5,3,2,2,39,3,1,1,2,1,0,0,1,0,1,0,0,0,0,"b"
"921",4,18,4,18,1,3,2,2,4,28,3,2,1,1,1,0,0,1,0,0,1,0,0,1,"a"
"922",4,48,3,127,3,4,3,1,3,37,3,1,1,2,1,0,0,1,0,0,1,0,0,0,"a"
"923",1,9,2,14,1,2,2,4,2,22,3,1,1,1,1,0,0,1,0,1,0,0,0,1,"b"
"924",2,12,2,20,1,4,3,4,2,30,3,1,2,2,1,1,0,1,0,1,0,0,0,1,"a"
"925",1,24,1,69,1,2,1,1,2,55,1,1,1,2,1,0,0,1,0,0,1,0,0,1,"b"
"926",1,12,1,7,1,2,3,2,3,46,1,2,1,2,1,1,0,1,0,0,1,0,0,1,"b"
"927",1,18,4,10,1,2,2,4,2,21,3,1,1,1,1,0,0,1,0,1,0,0,0,1,"a"
"928",1,48,2,103,1,4,3,4,4,39,2,3,2,2,1,0,1,1,0,0,0,0,0,1,"b"
"929",4,30,2,19,5,5,3,4,3,58,3,1,1,2,1,0,0,1,0,0,1,0,0,1,"a"
"930",1,12,3,13,1,3,3,2,1,43,3,2,2,1,1,1,0,1,0,0,1,0,1,0,"a"
"931",1,24,2,17,1,2,3,1,2,24,3,1,1,1,2,0,0,0,1,0,1,0,1,0,"a"
"932",2,9,2,17,1,2,2,2,3,22,3,1,1,2,1,0,0,1,0,0,1,0,0,1,"b"
"933",4,9,4,12,1,3,3,1,1,30,3,2,1,1,1,1,0,1,0,0,1,0,0,1,"a"
"934",4,12,4,5,3,5,3,4,2,42,3,2,2,2,1,0,0,1,0,0,1,0,0,1,"a"
"935",1,12,2,15,1,3,2,1,3,23,1,1,1,1,1,0,0,1,0,0,1,0,0,1,"a"
"936",2,30,3,19,2,2,3,3,4,30,2,2,1,1,1,0,0,1,0,0,1,0,0,0,"b"
"937",3,9,2,7,1,3,2,2,1,28,3,1,1,1,1,0,0,1,0,0,1,0,1,0,"b"
"938",2,6,2,21,1,2,4,3,3,30,3,1,1,2,1,0,0,1,0,1,0,0,0,0,"a"
"939",2,60,2,63,1,3,3,4,4,42,3,1,1,1,1,0,0,1,0,0,0,0,0,1,"b"
"940",4,24,4,68,5,3,3,4,2,46,3,2,2,2,1,0,1,1,0,0,1,0,0,0,"a"
"941",4,12,2,35,5,2,3,3,2,45,3,1,2,2,1,1,0,1,0,0,1,0,0,0,"a"
"942",4,10,2,15,1,3,3,2,1,31,3,1,2,1,2,1,0,1,0,0,1,0,1,0,"a"
"943",4,24,2,9,5,4,3,2,3,31,2,1,1,2,1,0,0,1,0,0,1,0,0,1,"a"
"944",4,4,4,15,1,4,3,1,1,42,3,3,2,1,1,1,0,1,0,0,1,0,1,0,"a"
"945",1,15,2,18,1,2,2,1,2,46,3,1,1,1,1,0,0,0,0,1,0,0,0,1,"a"
"946",2,48,0,84,3,2,2,1,3,30,3,2,1,1,1,1,0,1,0,0,1,0,0,1,"a"
"947",1,24,1,33,3,2,3,4,4,30,3,1,2,2,1,0,0,1,0,0,0,0,0,1,"b"
"948",4,12,2,29,5,1,3,4,4,38,3,1,1,2,1,1,0,1,0,0,1,0,0,0,"a"
"949",4,18,2,15,1,2,4,1,2,43,3,1,2,1,1,0,0,0,1,0,1,0,1,0,"b"
"950",4,24,2,36,2,5,3,4,3,31,3,2,1,1,1,0,0,1,0,0,1,0,0,1,"b"
"951",2,18,4,36,1,1,4,3,3,40,3,3,2,2,1,0,0,1,0,0,1,1,0,0,"a"
"952",1,36,3,21,1,4,3,1,3,24,3,2,1,2,1,0,0,1,0,0,1,0,0,1,"b"
"953",2,24,2,41,3,2,2,4,3,28,3,1,1,1,1,0,1,1,0,1,0,0,0,1,"b"
"954",4,36,2,110,1,1,2,2,3,26,3,2,1,2,1,0,0,1,0,0,1,0,0,0,"b"
"955",1,12,2,19,1,3,2,4,2,29,3,1,1,2,1,1,0,0,0,0,1,0,0,1,"a"
"956",1,24,4,12,4,5,2,4,2,57,3,2,1,2,1,0,0,1,0,1,0,0,0,0,"a"
"957",3,30,4,37,5,5,3,4,2,49,2,2,1,1,1,0,0,1,0,0,1,0,1,0,"a"
"958",2,9,4,12,1,5,3,4,1,37,3,3,1,1,1,0,0,1,0,0,1,0,1,0,"a"
"959",1,28,2,40,1,3,3,2,3,45,3,1,1,1,1,1,0,1,0,0,1,0,1,0,"b"
"960",2,24,2,31,2,5,3,4,4,30,3,1,1,1,1,0,0,1,0,0,0,0,0,1,"a"
"961",4,6,4,17,1,5,4,2,1,30,3,2,1,1,1,0,0,1,0,1,0,0,0,1,"a"
"962",2,21,3,24,1,3,1,4,2,47,3,2,1,1,1,1,0,1,0,0,1,0,0,1,"a"
"963",4,15,2,36,5,3,3,2,4,29,3,1,1,1,1,1,0,1,0,0,1,0,0,1,"a"
"964",4,24,2,24,3,5,3,2,3,35,1,2,1,2,1,0,0,1,0,0,1,0,0,1,"b"
"965",2,6,2,5,1,2,4,1,2,22,3,1,1,1,1,0,0,1,0,0,1,0,1,0,"a"
"966",2,30,2,17,5,3,2,1,3,26,3,1,1,1,1,0,0,1,0,0,1,0,0,1,"a"
"967",2,27,4,25,3,3,3,2,2,23,3,2,1,1,1,0,0,1,0,0,1,0,1,0,"b"
"968",4,15,2,36,1,5,2,2,3,54,1,1,1,2,1,0,0,1,0,1,0,0,0,0,"a"
"969",4,42,2,72,5,4,4,4,2,29,3,1,1,2,1,0,0,1,0,1,0,0,0,1,"a"
"970",1,11,4,39,1,3,3,2,1,40,3,2,2,1,1,1,0,1,0,0,1,0,1,0,"a"
"971",2,15,2,15,2,3,3,2,1,22,3,1,1,1,1,0,0,0,0,0,1,0,0,1,"a"
"972",4,24,2,74,1,3,3,4,2,43,3,1,2,1,1,1,0,1,0,0,1,0,1,0,"a"
"973",1,24,1,12,1,1,2,4,4,29,3,2,1,1,1,1,0,0,1,1,0,1,0,0,"b"
"974",1,60,2,73,1,5,3,4,4,36,3,1,1,1,1,0,0,0,1,1,0,0,0,1,"b"
"975",4,30,4,28,1,3,2,2,3,33,3,1,1,2,1,0,0,1,0,0,1,0,0,1,"a"
"976",3,24,2,13,3,3,2,3,3,57,3,1,1,1,1,0,0,1,0,0,1,0,1,0,"a"
"977",2,6,2,8,1,3,2,3,1,64,3,1,1,1,1,0,0,0,0,0,1,0,0,1,"a"
"978",2,18,3,24,5,5,3,2,2,42,3,2,1,1,1,0,0,1,0,0,1,0,0,1,"a"
"979",4,24,3,25,1,5,3,4,3,47,3,2,2,1,1,1,0,1,0,0,1,0,1,0,"b"
"980",2,15,1,13,2,3,4,2,2,25,3,1,1,1,1,1,0,1,0,1,0,0,0,1,"b"
"981",2,30,4,84,1,4,3,2,2,49,3,1,1,1,1,0,0,1,0,0,1,0,0,1,"b"
"982",4,48,2,48,1,1,3,2,3,33,1,1,1,2,1,0,0,1,0,1,0,0,0,0,"b"
"983",3,21,2,29,2,3,2,1,3,28,1,1,1,2,1,1,0,1,0,0,1,0,0,0,"a"
"984",1,36,2,82,1,3,3,2,2,26,3,1,2,1,1,0,1,1,0,0,1,0,0,1,"b"
"985",4,24,4,20,1,4,3,2,2,30,3,2,1,1,1,0,0,1,0,0,1,0,1,0,"a"
"986",1,15,4,14,1,3,2,3,2,25,3,2,1,1,1,0,0,1,0,1,0,0,0,1,"a"
"987",3,42,0,63,1,2,1,1,2,33,3,2,1,1,1,0,0,1,0,0,1,0,0,1,"a"
"988",4,13,2,14,2,1,2,4,1,64,3,1,1,1,1,0,0,1,0,0,1,0,0,1,"a"
"989",1,24,2,66,1,1,3,2,4,29,3,1,1,2,1,0,1,1,0,0,0,0,0,0,"a"
"990",2,24,4,17,1,5,3,2,2,48,3,2,1,1,1,0,0,1,0,0,1,0,1,0,"a"
"991",4,12,4,36,5,2,3,1,2,37,3,2,2,1,1,0,0,1,0,0,1,0,1,0,"a"
"992",4,15,1,16,2,5,3,4,3,34,1,1,2,1,1,0,0,1,0,0,1,0,1,0,"a"
"993",1,18,2,19,5,4,4,4,3,23,3,2,1,1,1,0,0,1,0,1,0,0,1,0,"a"
"994",1,36,2,40,1,1,3,3,2,30,3,1,1,2,1,0,0,1,0,0,1,0,0,0,"a"
"995",4,12,2,24,5,5,3,3,3,50,3,1,1,2,1,1,0,1,0,0,1,0,0,1,"a"
"996",4,12,2,17,1,4,2,4,1,31,3,1,1,1,1,0,0,1,0,0,1,0,1,0,"a"
"997",1,30,2,39,1,3,1,4,2,40,3,1,1,2,1,0,1,1,0,0,1,0,0,0,"a"
"998",4,12,2,8,1,5,3,4,3,38,3,1,1,1,1,0,0,1,0,0,1,0,0,1,"a"
"999",1,45,2,18,1,3,3,4,4,23,3,1,1,2,1,0,0,1,0,0,0,0,0,1,"b"
"1000",2,45,4,46,2,1,3,4,3,27,3,1,1,1,1,0,1,1,0,0,1,0,0,1,"a"
