ISE;ISE;SP;DAX;FTSE;NIKKEI;BOVESPA;EU;EM
0.03575371;0.03837619;-0.00467932;0.00219342;0.00389438;0;0.03119023;0.01269804;0.02852446
0.02542587;0.03181274;0.00778674;0.00845534;0.01286561;0.00416245;0.01891958;0.01134065;0.00877264
-0.02886173;-0.02635297;-0.03046913;-0.01783306;-0.02873459;0.01729293;-0.03589858;-0.0170728;-0.02001541
-0.06220808;-0.0847159;0.00339136;-0.01172628;-0.000466;-0.04006131;0.02828315;-0.00556096;-0.01942378
0.00985991;0.00965811;-0.02153321;-0.01987275;-0.01270972;-0.0044735;-0.00976388;-0.01098863;-0.00780221
-0.02919103;-0.04236116;-0.02282263;-0.01352574;-0.00502553;-0.04903853;-0.05384947;-0.01245126;-0.02262975
0.01544535;-0.00027218;0.00175655;-0.01767362;-0.00614145;0;0.00357202;-0.0122202;-0.00482714
-0.04116761;-0.03555248;-0.03403248;-0.04738344;-0.0509452;0.00291235;-0.04030161;-0.0452202;-0.00867665
0.00066191;-0.01726784;0.00132831;-0.01955062;-0.01433466;-0.05044759;0.0303136;-0.01207042;-0.02342873
0.02203735;0.03227803;0.00753313;0.00679078;0.00628918;0.02545319;0.00486669;0.00856086;0.01091689
-0.02269247;-0.04434878;-0.05426198;-0.0115499;-0.0093513;0.00323892;-0.01315102;-0.01204518;-0.004029
-0.0137087;-0.02966137;0;-0.01783359;-0.00417079;-0.0234115;-0.04089926;-0.01508801;-0.02410719
0.0008647;0.00152943;0.04257203;0.00501119;-0.00772887;-0.02056133;0.03353213;-0.00333856;-0.00509224
-0.00381506;0.00504316;-0.01527846;-0.0098414;-0.0018984;0.01881788;-0.01698171;-0.00655222;-0.00322725
0.00566126;-0.01000795;0.00536324;-0.00964005;0.000074;-0.03880847;0.00626104;-0.00362006;-0.00807732
0.0468313;0.06170818;0.00553786;0.03478679;0.03789112;-0.0081816;0.00983816;0.03279958;0.01031969
-0.00663498;0.01094866;0.01086631;-0.00079766;-0.00347479;0.04814815;0.00492178;-0.00264181;0.0063445
0.03456698;0.03587086;0.03300683;0.04418201;0.02374782;0.005594;0.03872465;0.0299742;0.0221041
-0.02052821;-0.02027185;-0.03368105;-0.02025591;-0.02477352;0.01772319;-0.01475016;-0.02310859;0.0004087
-0.0087767;-0.02345826;-0.02305281;-0.02047877;-0.00971266;-0.03166598;-0.00853829;-0.0072013;0.00224254
-0.02591914;-0.03560749;-0.00053291;-0.01563673;-0.01745432;-0.01513386;-0.0162893;-0.01973929;-0.01909139
0.01527949;0.02240282;0.01570993;0.02404002;0.02103859;-0.00617474;0.02757371;0.01786227;0.01271869
0.0185778;0.02323077;-0.00751766;0.02657651;0.01527475;0.02690832;0.0095649;0.01876996;0.01516559
-0.01413288;-0.01457138;0.01623319;0.00393191;0.0000709;-0.01116933;0.02412781;-0.00413909;0.00207251
0.03660704;0.04275893;0.02654068;0.02930592;0.01478761;0.01584557;0.03928246;0.01912667;0.03233811
0.01135321;0.02146764;0.00148405;0.00476618;0.00365138;-0.01341069;-0.0154618;0.00562716;0.00789539
-0.04054202;-0.04390687;-0.05036862;-0.03517015;-0.02218219;-0.00290167;-0.0214396;-0.02438775;-0.0021391
-0.02210564;-0.03389347;0.00792346;0.00543406;0.00501931;-0.03074492;-0.00879925;0.00109742;-0.007926
-0.01488837;-0.02082504;0.00173764;-0.02742056;-0.00760983;0;-0.00848223;-0.01409218;-0.01477275
0.00702675;0.0097092;-0.01004804;0.00132185;-0.00300293;0.00956302;0.02855077;0.00303193;0.01776444
-0.011495;-0.02462909;-0.04662945;-0.04561399;-0.0131663;-0.00376444;0.00399929;-0.01272171;-0.00685044
-0.04113604;-0.0506875;0;0;-0.02465573;-0.01359623;-0.0488296;-0.03093499;-0.03832277
-0.0026315;-0.01210114;-0.00095082;-0.00276434;-0.00679031;-0.01463404;-0.00435106;-0.0033031;-0.00334226
0.02465464;0.03292321;-0.01209692;0.00243463;0.0028909;0.00307579;0.00141051;0.00256948;0.0067645
-0.03584061;-0.04977568;-0.01147857;-0.04874675;-0.03270605;-0.01886923;-0.02587945;-0.03792401;-0.02729444
0.01730317;0.02956625;-0.03531536;-0.01967336;-0.00992282;-0.00543789;-0.01255426;-0.0121596;0.00967787
0.00172541;-0.00415166;0.03932005;-0.01039309;-0.00894738;-0.01469498;0;-0.00944703;-0.01188111
0.00497585;0.0101978;-0.01071504;-0.01279797;0.0085058;0.02616074;0;-0.00099418;0.00609936
0.00067176;-0.00081201;-0.01590567;0.02475723;0.0171552;-0.00044104;-0.00136104;0.02090265;-0.00233116
-0.0058919;-0.00951845;-0.0238465;-0.02539963;-0.02207766;0.01470643;0.0000786;-0.01826144;-0.00615013
-0.01368904;-0.03132395;-0.04774186;-0.03539511;-0.05481596;-0.03883286;-0.05236489;-0.04881677;-0.03536488
0.00219296;0.00412295;-0.00642739;-0.00522918;-0.0318608;-0.00695116;0.00640966;-0.0202991;0.00129031
0.00791322;0.00272274;0.02347539;0.05282921;0.0373891;0.00843492;0.05167438;0.03654846;0.03031151
-0.03852223;-0.04338157;-0.04346329;-0.05153762;-0.03233371;0.01936024;-0.02726806;-0.0374652;-0.00867184
0.0079588;-0.01923487;0.00121529;-0.00790018;0.00022661;-0.03565755;-0.00708975;-0.01117204;-0.00209765
-0.00713347;-0.01643698;-0.01007428;0.00696346;0.00330831;-0.01221268;-0.00985843;-0.00017794;-0.00555836
0.01123401;0.02188265;0.06171871;0.05145606;0.04762805;-0.00439149;0.05439808;0.05045927;0.02490995
-0.00141036;0.02443245;0.00244282;0.00695291;-0.00577677;0.04451401;0.00025773;0.00395046;0.01281572
0.01097442;0.00274191;0.03992107;0.01070361;0.00494202;-0.02440981;0.0089024;0.00980119;0.00541948
0.00321325;0.03406668;0.00770924;-0.00066247;0.01114427;0.05026001;-0.00350532;0.00619389;0.01868924
0.00021425;0.00560948;-0.00352216;0.02274127;0.0289609;0.01766119;-0.01051258;0.02667766;0.01025388
-0.00711875;-0.01363013;0.03163429;-0.01413565;-0.00178731;0.03130334;0.02314551;-0.00568371;0.00268869
0.0018918;-0.00088137;0.02064342;0.00214176;-0.01359961;0.00289424;0.01584405;-0.00420478;0.00601251
0.01987425;0.03088869;-0.01306413;0.01172682;0.00312258;-0.0032931;0.00771764;0.00702835;0.00984727
0.0029187;-0.00095172;-0.01996743;0.00623261;0.00678872;0.03336264;-0.00936316;0.003375;-0.00665435
0.03596806;0.05133066;0.06836638;0.02610908;0.0281969;0;0.0572901;0.02837943;0.04412157
0.00329842;0.011894;-0.02062638;0.00262802;-0.01050326;0.03266248;-0.0229528;-0.0039239;0.00229605
0.02116507;0.01485801;0.00958032;0.00854398;-0.00286746;-0.00097947;0.00775747;0.00712586;0.00830965
-0.00496839;0.00054608;0.02305263;0.00850682;0.00636383;0.01826845;0.01872359;0.0045644;0.01641765
0.01124788;0.00640804;-0.02052474;-0.01319186;-0.00672284;-0.00108438;-0.01614313;-0.01319209;-0.00673086
-0.02178019;-0.04057663;-0.03543936;-0.05233118;-0.03550453;-0.04636884;-0.03038024;-0.03957543;-0.03856446
0.0244066;0.03621652;0.01304421;0.02366475;0.04245663;-0.01548459;0.00669292;0.03390526;0.00783422
0.00691341;0.01958699;0.01642102;0.01127348;0.00748573;0.02945034;0.02533247;0.013131;0.01533949
0.03140177;0.0525224;0.02832224;0.05895053;0.04193372;0.04310375;0.04107354;0.04629987;0.03850619
-0.00524736;0.0108959;0.00968473;0.00070036;-0.02337409;0.00344141;0.01486519;-0.01356592;0.00431152
0.00073571;0.01861349;-0.00836725;-0.00805518;-0.00902389;0.01227769;-0.00505884;-0.00663938;0.00419193
-0.01029761;-0.03502819;-0.02414368;-0.00629823;-0.0159014;-0.00283538;-0.00777347;-0.01097346;-0.00556586
0.04723889;0.04604612;0.01171458;0.00816094;-0.00127291;-0.02729592;0.00811304;0.00457624;-0.00750108
0.03177774;0.05155751;0.03734706;0.03010724;0.0147173;0.03667234;0.03025164;0.02035025;0.02769586
0.01017074;0.01464857;0.00253019;0;0.00132954;0.00537468;0.00989837;0;0.005386
-0.01366132;-0.01845814;0;0;0;-0.00443637;0;0;0.00587964
-0.01011142;-0.00921981;-0.02026854;0.01456459;0;-0.00920246;-0.01255897;0.01041057;0.00741411
0.0057888;-0.00727192;0.01247093;-0.00158563;-0.00517758;-0.01134119;-0.00319767;-0.00569206;0.00271128
0.04145496;0.03711392;0.01541932;0.01302964;0.02109436;0.00140586;0.0164739;0.01967918;0.00243869
-0.00261798;-0.00644089;0.00495707;0.01451196;0.00977199;0.01724794;-0.0053811;0.01500082;-0.00552592
-0.03095478;-0.04356168;-0.04373226;-0.04159436;-0.02521256;0.00192572;-0.02982119;-0.03314506;-0.00835785
0.00454821;-0.01397635;0.02102938;0.00341125;-0.0008523;-0.02420384;0.01018806;0.00010711;-0.00727657
0.00965595;0.01798671;-0.00771129;0.02040297;0.01077559;0.00183157;0;0.01424657;-0.00096667
0.02451704;0.04146372;0.02653129;0.01724117;0.03061302;-0.00221505;0.04111424;0.01973266;0.02291515
-0.00416292;-0.00776554;-0.01011762;0.00421631;0.00264328;0.00210504;-0.02056406;0.00119383;-0.01873672
-0.01236795;-0.02124448;-0.00274426;-0.01863196;-0.01708781;-0.02701308;0.0000218;-0.01619197;-0.01322398
0.05198032;0.07300541;0.02137981;0.0208642;0.02249673;0.03862499;0.03022326;0.02122446;0.02581243
0.02902275;0.04049802;-0.0009505;0.01369874;0.01283027;0;0.00133309;0.01336438;0.01644477
0.01626108;0.01561934;0.03868913;0.02750409;0.02172428;0.06122932;0.06379152;0.01564138;0.04780453
0.02588227;0.04249216;-0.00379893;-0.01013183;0;0;0.00524364;0.00472239;0.00403583
0.02106111;0.01553999;0.01725457;0.00568745;0.01364896;0;0.01622837;0.01272866;0.01173738
-0.02627303;-0.01169267;-0.01329032;-0.01582098;0.00050027;0;-0.02838006;-0.00523412;-0.00246741
-0.00112387;-0.00591825;0.02378394;0.0225982;0.01431047;0.0050089;0.02637802;0.01683885;0.01033086
-0.01854141;-0.01841318;-0.0217472;-0.00960869;-0.00597916;0.00202809;-0.00820542;-0.01183465;-0.00557936
0.02575674;0.02046794;-0.00097932;-0.00263347;-0.00225708;-0.01635932;-0.01283309;-0.0041182;-0.00224502
-0.00650899;-0.00070332;-0.02726321;-0.02640598;-0.02149245;0.00449379;-0.03327412;-0.02444295;-0.01067361
0.00807057;-0.00836451;0.0102984;0.00229451;0.0071774;-0.02677355;0.01563344;0.00439354;-0.01130502
0.01170345;0.01905481;-0.01147567;-0.00020473;-0.00332924;0.01866085;-0.00891802;0.002504;0.00816049
0.00540756;0.00829457;0.02993658;0.02387318;0.0223783;-0.02473177;0.04889996;0.02134511;0.02734804
0.04284074;0.06128487;-0.00688296;0.037813;0.00491313;0.03328866;-0.00424505;0.01755585;0.02340529
-0.01199982;-0.01206593;-0.01689961;-0.02782381;-0.02788958;-0.0086508;-0.02285656;-0.02086896;-0.01703188
0.00843053;0.00855953;-0.00149831;0.0036825;0.00454609;-0.00414712;0.00955747;-0.00080966;0.00213008
0.01116648;0.00281208;0.02596219;-0.000061;0.01057319;0.01305045;0.0048923;0.00163058;0.00084148
-0.01557264;-0.02204911;0;0.01356032;0;-0.00387935;0.01997008;0.00693029;-0.0053315
0.00880123;0.00608937;-0.0191534;0.00303814;0.0010195;0.01364958;-0.00094565;0.00359613;0.01636068
-0.00420917;-0.00946971;0.01530123;-0.01366891;-0.00652001;0.00133615;0.0238295;-0.00932009;0.00858289
-0.00051468;0.01745131;0.01348345;0.00160831;0.00690488;0.0074956;0.0029556;0.00272753;0.00776075
0.02813128;0.03677597;0.02548997;0.0400197;0.01978976;0.01617202;0.02392299;0.02298854;0.0299783
-0.00779243;-0.01042356;0.00198134;0.00029164;-0.00650105;0.00274068;-0.00895974;0.00045093;-0.00663054
-0.02236245;-0.02039277;-0.01383449;-0.01755778;-0.0211285;0.00384244;-0.03606865;-0.01919993;-0.0130267
-0.01917195;-0.02650302;0.01141821;0.00202978;0.00079815;-0.00749181;0.02609313;0.00119866;-0.00128365
0.01394709;0.01420715;-0.00251786;0.0024118;0.01171618;0.01019201;-0.00230326;0.00625536;0.0071952
-0.03200588;-0.04329707;-0.00101105;-0.01434498;-0.00755335;0.00994424;0.00540335;-0.01008817;-0.01053692
0.00447837;0.00667069;0.00349708;-0.00137165;-0.0000908;-0.00802042;-0.00885881;0.00224752;-0.00514889
0.0170891;0.02671333;-0.00348644;0.01061206;0.00723854;0.02069715;0.00476692;0.00956358;0.0196234
0.00967985;0.00641436;0.00609331;0.01104118;0.00564129;-0.00101738;0.00274846;0.00760794;0.00288859
0.00267096;0.00868244;0.00139601;-0.00747215;-0.00446996;0.01535934;0;-0.00336015;-0.00218022
-0.00362379;-0.01093537;-0.02405554;-0.03601087;-0.0264614;-0.00953144;-0.02886783;-0.02660775;-0.02110933
-0.00444129;-0.00411553;-0.0128019;0.0001595;0.00060084;-0.02898162;-0.01604064;-0.00189818;-0.00945269
0.00168807;-0.00239771;-0.00138258;-0.01872778;-0.01164168;0.00897946;-0.00312953;-0.01703702;-0.01327635
0.03186601;0.02444098;0.00837584;0.00778217;0.00056079;-0.01403277;-0.00280533;0.0065327;-0.00982767
0.00291799;0.00937134;0.00310937;0.00040922;0.0150696;0.00847004;0.00921035;0.01053049;0.00750497
-0.01158925;-0.01424056;-0.03107836;-0.03064588;-0.0260857;0.00408005;-0.03726055;-0.02845078;-0.01189502
-0.0141688;-0.02476218;0.00230407;0.00292536;-0.00094518;-0.0285591;0.00642442;-0.00039709;-0.01467658
0.02404636;0.03232217;0.00650322;0.02700737;0.01175102;0.00425394;-0.00285468;0.02100601;0.01699155
0.0157864;0.02004102;0.02121758;-0.00735742;-0.00642245;0.02122805;0.03643163;-0.00649188;0.01335904
0.0117196;0.02094488;-0.00147894;-0.0050308;-0.00273147;0.008266;-0.0005631;-0.00243455;0.00989603
0.00231558;0.00453918;0.00902434;0.02248593;0.01241961;-0.00955408;0.01258412;0.01610096;0.00300927
0.00292966;0.00646216;-0.00856738;-0.01577341;-0.01048797;0.01772621;-0.01299209;-0.00975631;-0.00693209
0.0079968;0.00806687;0.00435243;0.01993049;0.0213049;-0.00186045;0.00153385;0.01899697;0.01104966
-0.00559072;-0.0029637;-0.02957765;-0.03885596;-0.0248176;-0.00643722;-0.0101201;-0.0261489;-0.00483702
-0.00651882;-0.01150828;0.00256248;-0.00218104;0.00047222;-0.00610192;-0.0017654;-0.0001298;0.00086407
-0.00105307;-0.00972485;0;-0.01204925;-0.00982075;-0.01386907;-0.00616405;-0.01052673;-0.01395475
0.01226546;0.01740466;-0.01987985;-0.01159579;-0.00188502;-0.0034229;-0.02328266;-0.00506289;-0.0023887
-0.00151973;-0.0098359;-0.0016699;-0.00556984;-0.01124039;-0.02381417;-0.00565724;-0.01137098;-0.00794518
-0.00453904;-0.00123006;0.00354095;0.01247908;0.00445843;-0.01386206;0.00087399;0.00571355;0.00354608
-0.00561734;-0.00892735;-0.00402995;-0.01167899;-0.00760331;-0.00040693;0;-0.01095107;-0.00345689
0.00607415;0.0039416;0.02462797;0.03141144;0.01798519;-0.0258445;-0.000691;0.02010377;-0.01340135
-0.00823224;0.0019614;0.00530194;0.0124896;0.00843627;0.02309827;-0.00640426;0.00981059;0.01683218
0.03251151;0.03604152;0.02919947;0.03022847;0.02535025;0.00080298;0.04840717;0.02703747;0.02743523
0.00637044;0.01010551;0.00860464;0.00581654;0.00351389;0.00804908;0.01203328;0.00462188;0.00602219
-0.0113236;-0.00928196;-0.00038275;0.00426951;0.00617103;0.00546014;0.00296183;0.00639321;0.01028235
0.01378047;0.02476769;0.0113667;0.01034125;0.01240902;0.02695553;0.0205848;0.01085696;0.02309241
-0.00635713;-0.00542025;0.0036207;0.01260768;0.00842601;0;0.00148512;0.00790874;0.00152613
0.00475847;0.00943432;-0.00053441;0.00540159;0.00278555;0.00734345;-0.00302897;0.00275723;-0.00471012
0.01849528;0.02770848;0.02302263;0.02425077;0.01460235;0.00715105;0.02191624;0.01813109;0.01639863
0.01260366;0.01469961;0.00303751;-0.00342095;0.0036776;0.01536295;0.00382684;0.0004773;0.00371215
0.01123593;0.01537523;0.00297741;0.00423437;0.00207363;0.01438736;0.00168798;0.0035899;0.0092794
0.00403622;0.00839601;-0.00260985;-0.01473418;-0.01257299;-0.00013878;-0.00141257;-0.00971429;0.00349532
0.0093307;-0.00045306;-0.00457344;0.01830199;0.00412063;0.00257222;-0.01362225;0.00679058;-0.01310238
0.0437448;0.04563733;0.01182541;0.01699602;0.01832475;0.00512565;0.01373239;0.02025952;0.0100004
0.01082613;0.01619389;0.00073953;-0.00533444;-0.00502166;0.0186751;0.00527261;-0.00240082;0.01075573
0.04521955;0.05033939;0.01522558;0.0176062;0.01595143;-0.00042107;0.02224641;0.01341119;0.01615905
0.00185354;0.00590121;0.00300755;-0.00181301;-0.00237334;0.00217489;0.00071406;-0.00255524;-0.00334864
-0.01799386;-0.01647775;-0.00291779;-0.01188683;-0.00521544;-0.01187553;0.0061554;-0.00618667;-0.00486019
-0.00144548;-0.00707552;-0.00564058;0.00316517;0.00929582;0.01313545;-0.01121834;0.0071419;0.00162417
0.02102814;0.01223636;0.01334974;0.01643411;0.00872423;0.00230767;0.01026016;0.01108049;-0.00262147
-0.00183247;0.00428984;-0.00335055;-0.0075094;-0.00198862;0.01071544;0.0088371;-0.00317724;0.00419627
-0.02278477;-0.03654978;-0.01274094;-0.02472302;-0.01083739;0.00579829;-0.01898966;-0.01344373;-0.00611657
0.00481383;-0.00436774;0.01145921;0.01208751;0.0096932;-0.01431582;0.01472225;0.01051252;-0.00639776
0.01345394;0.03333575;0.00685647;0.00949111;0.00817124;0.00784552;0.00809607;0.00787208;0.01327555
-0.00408416;-0.00714228;-0.008568;-0.01718028;-0.00876504;0.00759102;-0.00721288;-0.00832487;-0.00142689
-0.00027135;-0.01789588;-0.02455991;-0.02045602;-0.01474543;-0.03151041;-0.02539115;-0.01925327;-0.02977241
-0.00129998;0.00632868;0.01009453;0.00940083;0.00874529;0.00159097;0.00957049;0.00964189;0.00285303
0.03141482;0.02786147;0.00683744;-0.00357923;0.00083196;-0.00790283;0.00727406;-0.0000421;-0.00335
0.01975731;0.02660801;0.01088926;0.01500165;0.01416451;0.01742954;0.01194842;0.01419889;0.01329657
0.0131082;0.01466062;0.01845147;0.02815906;0.01963113;-0.01408352;0.0156777;0.02334877;0.00681287
0.01267697;0.01646791;-0.00054589;0.01038207;0.00929514;0.03293884;0.00079651;0.01050058;0.0160656
0.00629142;-0.00032916;0.00236661;0.00674202;0.00419852;-0.00794087;-0.00614607;0.00495771;-0.0014647
-0.02343563;-0.02686444;0.00011673;-0.00633991;-0.00534292;0.01346943;0.00599028;-0.00410648;-0.00199921
0.00898742;0.00630721;0.00277791;-0.00939574;-0.00434427;-0.0157001;-0.00107387;-0.00415601;-0.00647366
0.00370579;0.00739278;-0.00199038;0.00855873;0.00807916;0.00572828;-0.000052;0.00924254;0.00502498
-0.02143299;-0.02518731;-0.00810914;-0.01080792;-0.0183382;-0.00395784;-0.02122858;-0.0061643;-0.01283246
0.00822431;0.00715257;-0.02237221;-0.02424709;0;0.00357045;-0.01200328;-0.01796767;0.00359674
-0.02534402;-0.03160451;-0.00330191;-0.00139944;-0.00045656;-0.02398902;-0.0077158;-0.00598433;-0.00832095
0.00837808;0.01250733;0.00849859;-0.00346852;-0.00430609;-0.00642302;0.00577896;-0.0014659;0.00811716
-0.0215879;-0.01798409;0.01303221;0.01553675;0.01138013;-0.00269879;0.01682148;0.01277276;0.00970205
0.00250944;0.01077748;0.00880606;0.01457999;0.01665871;0.01305165;0;0.01558335;0.01002583
-0.00949741;-0.0066586;0;0.0033293;0.00285411;0.00697979;0.02101259;0.00287353;0.01392881
-0.00583445;-0.0086716;0.00775228;0.01673883;0.01145557;-0.00783279;0.0009502;0.01084736;-0.00274605
0.00757423;-0.00256754;0.01036827;0.00367266;-0.00332266;0.01935447;0.01075187;-0.00103475;0.00923367
0.03627156;0.04076084;-0.00135131;0.00521448;0.00476039;-0.00661707;-0.00290842;0.00517993;0.00360625
-0.00199497;-0.00521374;0.00631912;-0.00067234;0.00147552;-0.02346959;0.00856412;-0.00069873;-0.0084052
-0.01253667;-0.00413628;0.0031304;0.00155389;0.00461188;0.00152402;0.00670439;0.00429702;0.00832317
0.01661519;0.02528465;0.0152073;0.01258353;0.01613224;0.00518832;0.01916917;0.01451247;0.01581325
0.00608462;0.01154322;-0.00306431;0.00540268;0.00775657;0.0167065;-0.00290103;0.00544515;0.00576158
0.00415738;0.00026737;0.00263381;-0.00477659;0.00172199;-0.00703941;0.00772294;-0.00036404;0.0004124
0.00819512;0.00485892;-0.00697927;-0.00031212;-0.00649712;0.01660875;-0.00341587;-0.00220078;-0.0040045
0.00902365;0.00848233;-0.00955658;-0.01712924;-0.01176288;0;-0.00746631;-0.0141793;-0.01015298
-0.00743352;-0.01210695;-0.00610934;-0.00425509;0.00057078;-0.02674233;0.00514943;-0.00203401;-0.00059241
0.00400164;0.00062459;0.01765288;0.02737471;0.01629638;-0.02529888;0.01579677;0.01761512;-0.00319167
0.01141405;0.01404835;-0.00223207;-0.00398085;-0.00116218;0.00901859;-0.00133821;-0.00124504;0.00896192
-0.00944238;-0.00606464;-0.00333382;-0.00673654;-0.00501283;0.0032649;0.00461089;-0.00405182;-0.00074382
-0.00221304;-0.00640531;-0.02609723;-0.02148135;-0.0169131;-0.01537331;-0.01736437;-0.01737697;-0.00323305
-0.02001835;-0.0268055;-0.00451569;-0.01572278;-0.01177715;-0.02504074;0.01172412;-0.01621254;-0.0087413
0.02302651;0.0321779;0.01476545;0.00746126;0.00711079;-0.00591354;0.01937879;0.0080329;0.00199194
0.03116093;0.04457434;0.01361241;0.02665095;0.02237776;0.00178764;0.00483046;0.02352314;0.01307621
-0.00873022;-0.00968735;0.00270795;-0.00298981;-0.00567978;0.0110614;-0.0005267;-0.00404326;0.00429598
0.01706096;0.02275976;0.00744212;0.01334669;0.0089054;0.00334861;0.01775391;0.01089279;0.00769598
0.00674626;0.00406403;0.0056248;-0.00081551;0.00141521;0.01853258;0.00486581;0.0000916;0.00617626
0.01552049;0.01538176;0.00437682;0.01241413;0.00931351;0.00598918;0.00893439;0.01057507;0.00434366
-0.01843108;-0.01409212;-0.0027915;-0.0119888;-0.01082573;0;0;-0.0103159;0.0000448
0.01888389;0.02677798;0.01739367;0.02417555;0.01959679;-0.0016239;0.02376934;0.01986958;0.01642663
-0.00016091;0.00192631;0.00414882;-0.00400004;-0.00631736;0.01758174;0.00755436;-0.00411803;0.00177671
-0.02434694;-0.03474358;-0.00813102;-0.01509944;-0.00629972;0.00184522;-0.00756947;-0.00916747;-0.00619924
0.00991538;0.01060688;0.00936139;0.01882954;0.01743792;-0.00205425;0.01557297;0.01594895;0.01083068
0.01507818;0.01846333;-0.00625867;-0.006994;-0.00724001;0.00975347;-0.02921546;-0.00585889;-0.00324816
0.0047744;-0.0030195;-0.0088932;0.00373028;0.00276157;-0.00033381;0.0027984;0.00161248;-0.00249717
-0.00544121;-0.00928097;0.01058737;-0.01216942;-0.00965102;-0.00642897;0.00986173;-0.01052702;-0.00501162
0.00710587;0.01087952;-0.01225326;-0.00394326;0.00673687;0.00153965;-0.01640356;-0.00077808;0.00392
-0.00293459;-0.01012166;-0.01178649;-0.01723579;-0.00975636;0.00771403;0.00041492;-0.01398632;0.00025569
-0.01632457;-0.02636755;-0.00332339;-0.00126627;0.00178972;-0.01459656;-0.03002245;0.00055036;-0.01485963
-0.03008297;-0.03008042;-0.01973436;-0.02493102;-0.02346092;-0.01354647;-0.0486461;-0.02161444;-0.02595065
-0.03584961;-0.03605135;-0.00619584;-0.01490419;-0.00709146;-0.004009;0.02274394;-0.00509847;-0.006025
0.00573538;-0.0013283;0.00643559;0.00292464;0.01182396;-0.02336971;0.01766708;0.00641606;-0.00153576
-0.02390659;-0.03011792;0.00242304;-0.0143676;-0.01327213;0.00421026;0;-0.01410711;-0.00735305
0.02021914;0.02804094;0.00104211;0.0168338;0.01393799;0;0.02007084;0.01655604;0.01855826
0.00035103;0.00452163;0.01905288;0.00671664;0.00345923;-0.01297141;0.0140297;0.00645004;0.00236358
-0.0069621;-0.00101383;0.00250008;0.00133647;0.00333064;0.00737285;-0.00541453;0.00138055;0.00412993
0.01698569;0.02222332;0.02199517;0.0236724;0.01782682;0.00200425;0.02675397;0.01904795;0.01783999
0.00751899;0.00765377;-0.000064;-0.00116087;-0.00089817;0.0062745;0.00134322;-0.00235552;0.00441103
0.0150295;0.0176891;0.00501936;0.0097771;0.00691609;0.0000962;0.00192867;0.00648076;0.00797858
-0.00241717;-0.00691794;-0.01031234;-0.00077478;0.00184003;-0.00682961;-0.03030512;-0.00010552;-0.01068185
-0.00625862;-0.00904456;0.0057229;0.00402968;0.00376435;-0.00349225;0.01353142;0.00193028;0.00291667
0.00685869;0.01012153;0.01436392;0.02053563;0.01616276;0.00213379;0.01971978;0.01412323;0.01569294
-0.03191447;-0.03490707;0.00091908;-0.00455659;-0.0068602;-0.00627528;0.01162413;-0.00656891;0.00091744
-0.01758176;-0.0164249;-0.00046844;0.00158741;-0.00071108;-0.00547543;-0.01329152;0.0005387;-0.00178435
-0.00659821;-0.0137732;-0.01351678;-0.01487087;-0.014025;-0.01324561;-0.00284547;-0.0156216;-0.00544791
-0.0193478;-0.02244738;-0.00322008;-0.00686828;-0.00309913;-0.0054381;0.00724075;-0.00585246;-0.00311679
0.01253351;0.01394443;0.01352393;0.02413278;0.01962936;-0.0101698;0;0.02044865;0.00798496
-0.00630611;-0.01000392;-0.00053348;-0.00556057;-0.00589917;0;0.007575;-0.00640233;-0.00436639
0.00055265;0.00634314;0.00449403;0.00582598;0.0076342;0.00425193;0.00887357;0.00538219;0.00421163
0.0119031;-0.00083895;-0.00159496;-0.00456147;-0.00985304;0.01373337;0.00921868;-0.00831803;-0.00441564
0.03861298;0.04576435;0.00034264;0.00087729;0.00285725;0.00383085;0.00100612;0.0028696;0.00598553
0.03646836;0.04293726;-0.00843765;-0.00196156;-0.00270667;0.03765568;-0.00438181;-0.0000726;0.00302367
0.00851445;0.01155635;0.00549437;0.00816366;0.00176768;0.00449195;-0.01046221;0.00776468;-0.0000746
-0.00372374;-0.01141811;-0.00247145;-0.00567126;-0.00220068;0.01436465;0.01334176;-0.0033579;0.00040314
-0.00651996;-0.00866933;-0.01030444;-0.01676449;-0.01663256;-0.00267185;-0.01149446;-0.0152145;-0.00600693
-0.00822914;-0.01144739;0.00366564;-0.00718749;-0.00368275;-0.01347737;0.00416971;-0.00846942;-0.00447855
0.00829226;0.01023822;0.0058227;0.01077421;0.0077525;-0.01428485;0.01047253;0.00898664;0.00319135
-0.00420445;-0.0000414;0.00367628;0.00824579;0.00327432;0.0245422;0.00781192;0.00309408;0.00552435
0.01630747;0.01066707;0.00693534;0.00795433;0.01015429;-0.00021669;0.00118313;0.00803001;0.00432518
0.00499028;-0.0000819;-0.00556247;0.00156368;-0.00556548;-0.0021992;-0.0005481;-0.00142723;-0.00322693
0.00726263;0.00852825;0.00112759;0.01572236;0.00650571;0.00927212;-0.00999044;0.01029415;-0.00174416
-0.01694893;-0.02272918;-0.01188083;-0.01004276;-0.01949217;-0.00133817;-0.02290615;-0.01335509;-0.00960511
0.00350124;0.00270525;0.00581294;-0.00226626;-0.00399448;-0.00214224;-0.00409377;-0.00555832;-0.00367922
0.02253018;0.01935409;0.01044891;0.01688906;0.01853105;0.00407567;-0.01309552;0.01501633;-0.00377093
0.0048947;0.00344592;0.00355724;0.002553;0.0065332;0.01892525;0.02239431;0.00748803;0.00923702
-0.00721131;-0.00754069;0.00229607;0.00197427;0.00816743;0.01519421;0.0025332;0.00413472;0.00780352
0.00581665;0.01348731;0.00524239;0.00760516;0.00556856;0;0.00462024;0.00182467;0.00478062
0.00389112;0.00509127;0.00115337;0;0.00649449;-0.00401396;0;0;0.00034037
-0.00081177;-0.0016775;0;0;0;0.01320672;0;0.00368106;0.00414208
0.00322285;0.00581664;-0.00140197;0.0014366;0;0.00036009;0.00578571;0.00418611;-0.00019054
-0.00227405;-0.00433429;0.00019533;-0.00904344;-0.0073278;-0.00864977;0.00426639;-0.00746846;0.00034085
0.02213837;0.03437217;-0.01010038;0.01513806;0.00277501;0.01022119;0.0210203;0.00078359;0.00685449
0.01022937;0.01447756;0.01591607;0;0.01601764;0;0;0.01677776;0.00839901
0.01389802;0.02401892;0.00311081;-0.00272182;0.00402802;0.00253461;0.00278006;0.00131582;0.00806674
0.00795698;0.00570635;0.00054538;0.00040941;0.00135716;0.00463452;0.00693772;0.00058571;0.00532962
0.00777175;0.00749847;0.00399328;-0.00248389;-0.00059692;-0.00465043;-0.00393824;-0.00035959;-0.00637466
-0.00318919;0.00083531;0.00287755;0.0030273;0.00135613;0.01086231;-0.00267209;0.00355442;0.00122925
-0.01613075;-0.00603264;0.00174523;0.00047855;0.00070446;0.00745663;0.00241656;-0.00049768;0.00544737
-0.00454863;-0.0043387;-0.00942544;-0.01627273;-0.00713978;0;-0.00508154;-0.00989341;-0.0037292
0.01755925;0.02136249;0.00829138;0.00338313;-0.00459344;-0.01333497;0.00439981;-0.0000747;-0.00726345
0.00207392;-0.00207582;0.00242357;0.00430723;0.0045025;0.0159549;-0.00833184;0.0054997;0.00231268
-0.01351699;-0.01551584;-0.01088219;-0.01903326;-0.00781482;0.00679955;-0.01186072;-0.01111466;-0.00205645
0.01004426;0.01349494;0.01242219;0.00722033;0.00712345;-0.0116335;0.00611366;0.00540311;0.0017254
0.01109787;0.00778348;0;0.00974028;0.00339769;-0.00834233;0.00729312;0.00529624;0.00211863
0.00559711;0.00229396;-0.01065444;-0.0211286;-0.01688367;-0.00254669;-0.02474983;-0.01759311;-0.00905076
-0.00303367;-0.01301137;-0.01912661;-0.01803041;-0.01593578;0.01211627;-0.02870726;-0.01377654;-0.01485555
-0.02385668;-0.02745267;-0.02238981;-0.00902797;-0.00603493;-0.02589832;-0.00075477;-0.00819945;-0.0123846
0.00523669;0.00395155;0.00458754;-0.01129203;-0.00808464;-0.007379;-0.01056604;-0.00766744;-0.00414363
0.00067183;-0.0084895;-0.00421207;0.00664764;0.00315075;-0.01798784;0;0.00388171;-0.01743766
-0.00454772;0.00028776;0.00486832;-0.00454911;-0.01132044;-0.00711465;-0.00695287;-0.01012746;-0.00727536
0.01285245;0.01292028;-0.01188815;-0.01839722;-0.01385695;0.01569829;0.00792914;-0.01227441;0.01057731
-0.00219099;-0.00090837;-0.00987777;0.01228094;0.00828322;-0.02098336;-0.00283991;0.01007254;-0.00631476
0.01589173;0.01582219;0.01416536;0.00811314;0.01128808;0.00068421;0.01773123;0.00852005;0.00181692
-0.00683761;-0.00318405;0.01288952;0.00971133;0.00681819;0.01614237;0.00883843;0.00922684;0.001154
-0.00143246;0.00066706;-0.00548943;-0.00660182;-0.00573252;0.00319994;-0.00080434;-0.00594101;0.01154084
-0.02957521;-0.04010445;-0.03163582;-0.02478412;-0.0219015;-0.00465794;-0.04846686;-0.02751874;-0.0197741
-0.03830078;-0.05382657;0.00289297;-0.01803546;-0.01537255;-0.02928627;-0.01848557;-0.02100501;-0.02729
-0.03001579;-0.03100344;-0.00890285;0.00925167;0.00618526;-0.01052241;0.00619463;0.00699017;-0.00380953
0.0177254;0.02415003;0.01295581;0.00244193;0.003822;-0.00190297;0.02447902;0.00281265;0.01296054
-0.00510604;-0.00277599;0.00739886;0.00690737;0.00394385;0.01590938;0.02156801;0.00597375;0.003337
0.01596016;0.01376328;0;-0.00587667;0.00573179;0;0;0.00052011;0.0111113
-0.00619301;-0.00924414;-0.0027484;-0.00064338;-0.00368789;0;-0.00415202;-0.00347317;-0.00235416
0.00528526;0.00621093;0.01784067;0.00194524;0.00484967;-0.00784765;0.02148197;0.00293229;0.00229629
0.00803396;0.01115525;0;0.01459422;0.01471462;0.00209003;0;0.01261871;0.00594734
0.02903982;0.03250615;0.00422899;0.01000323;0.00617832;0.02680254;0;0.01046035;0.01031033
-0.01557894;-0.02448419;0.00656317;0.00566172;0.00914954;0.00279617;0.0081557;0.00705834;-0.00232616
0.01643585;0.01286698;0.0021842;0.00730372;0.00619661;-0.0207356;-0.00352942;0.00674318;-0.00823525
-0.01371143;-0.0078254;-0.00104637;-0.00589109;-0.00113909;0.02698364;-0.00612848;-0.00270824;0.00801882
-0.02262045;-0.03298193;-0.01217661;-0.01494293;-0.00693718;-0.0046616;-0.01614536;-0.01145411;-0.00182615
-0.03476938;-0.04352686;0.00967351;0.00203929;0.00521675;-0.01491639;-0.00474592;0.00312224;-0.00639463
-0.01870257;-0.02026532;-0.00208316;-0.01492335;-0.01218345;-0.00954354;0.00494255;-0.01405006;-0.00692766
0.01962704;0.02216703;0.00140435;0.0118825;0.0143522;0.00237987;0.00576066;0.0138246;0.00774579
0.02930632;0.02982705;0.01010728;0.02034199;0.00955362;0.00453541;0.01084277;0.01364153;0.01157498
0.00569611;0.00817721;0.00232764;0.0109748;0.01436205;0.00488186;0.00816259;0.01026227;0.00828374
0.00432159;0.00379904;0.00042913;0.00712758;0.00891331;0.00305739;-0.0020381;0.00800666;0.003712
-0.00500952;-0.00872609;0.00372922;-0.00388524;-0.00108495;-0.01053206;0.0025691;-0.00061706;-0.00406747
0.02277338;0.02257554;0.0139103;0.01405699;0.01304953;0.02176479;0.01510324;0.0147545;0.0106452
0.01266815;0.02241094;-0.00017565;-0.00024674;0.00123143;0.02070809;-0.00395861;0.00106467;0.00975627
-0.00633526;-0.01229736;0.00171132;0.00169702;-0.00078508;-0.00172737;0.01449164;-0.00030383;0.00128843
-0.00391551;-0.00293613;0.00451433;0.00859883;0.00681322;-0.00035303;0.00577552;0.00795502;0.00285218
-0.00716167;-0.00558747;0.00403337;-0.00136364;-0.00413932;0.00951824;-0.00134416;-0.00385676;-0.00228513
-0.00274468;0.00355701;-0.00021737;0.00277588;0.00147649;0.00806029;-0.00781467;0.00160195;0.0000282
-0.0050213;-0.00633736;0.00045208;-0.00701347;-0.00565089;0.000067;-0.00458209;-0.00670278;-0.00754002
0.0239904;0.02477866;0.00774906;0.01135718;0.00472612;-0.00281927;0.01321206;0.00842248;0.00667894
0.01990824;0.02704671;0.0058048;0.00888523;0.0042965;0.01161604;-0.00313608;0.00599446;0.01175341
-0.01426738;-0.01850362;-0.0003259;-0.00198894;-0.00035438;-0.00953645;-0.00037297;-0.00299057;-0.00011851
-0.00182161;-0.00774918;-0.00509949;-0.00498219;0.00132829;0.00748216;-0.01253211;-0.00162835;-0.00174715
0.00848664;-0.00033317;0.00508233;0.00084712;-0.00099162;-0.00468266;0.00308985;-0.00158653;-0.00595858
0.00848661;0.00919975;0.00714539;0.00495971;0.00514222;0;0.00498452;0.00613526;0.00204915
0.01433785;0.01564297;-0.00550839;0.00360477;0.00075761;0.00378709;-0.00685469;-0.0001846;-0.00028002
0.03402073;0.03428182;-0.00170563;0.01543744;0.00871515;0.00127704;-0.00685817;0.00999393;-0.0000332
-0.00763716;-0.0025391;0.00073746;-0.00210561;-0.00430424;0.01535135;0.00351505;-0.00336528;0.00423358
0.0010159;0.00298705;0.00566714;0.00599502;0.00134926;-0.0009007;0.01812172;0.00163979;0.006657
0.00152016;0.0028999;0.0000426;-0.0023416;-0.00674693;0.0100229;0.00030022;-0.003988;0.00332249
-0.00381384;0.00000921;-0.00327827;0.00180547;0.00128613;-0.00064903;0.00587181;-0.00053783;-0.0015374
0.02047993;0.02325649;0.00738652;0.01323924;0.0114317;0.01383184;0.01079808;0.01191615;0.01345158
0.0060751;0.0066704;0.00789676;0;0.00616038;0.00370077;0.00216253;0;0.00122919
0.01002743;0.01155394;0;0;0;0.00470357;0;0;0.00445222
-0.00407719;-0.0013568;0.00168288;0.00266661;0;-0.00503767;-0.00272499;0.00525017;0.00294918
0.00408793;0.01130184;-0.00589405;-0.00477771;-0.00317089;0.00093111;-0.00427095;-0.00395315;0.00312478
-0.00399052;-0.00680099;0.00336867;-0.0081619;-0.00861023;-0.01109756;0.01391542;-0.00935721;-0.00362746
0.013151;0.02308767;0.00666162;0.01253807;0.01015361;0.00323075;-0.0051396;0.0134903;0.00394242
-0.00616339;-0.00359449;0.00176506;0.0001584;0.001143;0.0042358;-0.01130751;0.00230319;-0.00517916
-0.01276782;-0.01621416;0.00068511;-0.00318231;-0.0027558;-0.00809084;0.00251758;-0.00333741;-0.00379938
0.02137882;0.02814589;0.01108838;0.00760562;0.00598721;0.00390502;0.00342671;0.0061868;0.00750733
-0.00465007;-0.0032906;0.00084217;0.0020764;0.00493922;0.00612938;-0.00721964;0.00359452;0.00000508
-0.01418117;-0.01179802;-0.01625795;-0.01772768;-0.01400317;-0.01533908;-0.01576366;-0.01511286;-0.01259109
-0.00121158;-0.01421205;0.00451113;-0.00299109;-0.00280686;-0.01757443;-0.00466363;-0.00522531;-0.01551931
0.01252692;0.01670812;0.00802603;0.01638287;0.00969465;-0.00074188;0.00317883;0.01206451;0.008943
-0.00741867;-0.00376596;-0.00101943;-0.00541835;-0.01048058;0.01722314;0.00098051;-0.00889712;0.0025157
-0.00192638;-0.00118032;0.00226124;-0.00994597;-0.01020319;-0.01279196;0;-0.0129001;-0.00317965
0.01200885;0.015476;0.00279256;0.02614057;0.01551804;0.01959829;-0.00743541;0.01597217;0.00876836
-0.01408442;-0.01761888;-0.02365957;-0.02763471;-0.02648648;0.00418886;-0.03488236;-0.02902154;-0.01188914
-0.00489556;-0.02057868;0.00644194;-0.01227897;-0.00302053;-0.02600898;0.00217772;-0.01182285;-0.00972294
0.01319904;0.02529305;0.01286014;0.00990584;0.00556926;0.01206537;0.01963906;0.01236026;0.00297106
0.00435622;0.00875744;-0.01678774;-0.00149993;-0.01154778;0;-0.00661218;-0.00606873;0.0041647
-0.0095245;-0.01784134;0.0130352;0.00507535;-0.02593995;-0.03325903;-0.00610478;0.00086342;-0.00758687
-0.01830306;-0.02159371;-0.02412717;-0.02629737;0;0;-0.03409731;-0.03072235;-0.01250644
-0.01581845;-0.0280919;-0.00660836;-0.00809177;-0.012871;0;0.00069347;-0.01365444;-0.01338417
-0.01207718;-0.02492171;-0.03288847;-0.00845901;-0.01526027;0;-0.02337866;-0.0177065;-0.01355406
-0.05675261;-0.07696745;-0.01542663;-0.03324133;-0.02658092;-0.03144567;-0.00859965;-0.033875;-0.014725
0.06895168;0.10062069;0.04303473;0.05162998;0.05032269;0.01589961;0.04024732;0.06704247;0.02531765
0.00024303;-0.01061963;-0.00340313;0.00328478;-0.00992397;-0.01142226;-0.01583057;-0.00726498;-0.00656638
0.02647418;0.03099938;0.01364599;0.02385804;0.0091998;-0.00164094;0.01232574;0.01290535;0.00716741
-0.00080772;0.00619011;-0.01221941;0.01101378;0.00928158;0.0215592;-0.0067071;0.003241;0.00577998
-0.03838996;-0.04643962;-0.01897908;-0.03172987;-0.0319381;-0.01499241;-0.02146728;-0.03545827;-0.01104952
0.00578097;-0.00343979;0.00110885;0.00168431;-0.000076;-0.02191092;-0.00864764;-0.00055238;-0.01375355
0.01604927;0.0212057;-0.01429773;0.01456478;0.00847703;0.00067193;-0.03274157;0.01373996;-0.00241906
-0.04538897;-0.0735257;-0.04489919;-0.04792244;-0.04513116;-0.02094789;-0.04451602;-0.04642055;-0.03637473
-0.00623207;-0.00807281;0.01491266;-0.00660506;-0.00201263;-0.02480792;0.03490405;-0.00083354;0.00112439
0.00821871;0.01516534;-0.01299212;-0.0040516;0.00132248;-0.00267514;-0.00572505;-0.00193892;0.00511012
-0.0430921;-0.05731893;0.00035387;-0.02364058;-0.0257549;-0.0310677;-0.01227566;-0.02644837;-0.02759029
0.03472369;0.04378236;-0.00567701;0.01539749;0.01952201;0.00661347;0.01685499;0.01934562;0.02156199
0.00726421;0.01499332;0.03234721;0.03063387;0.0307061;0.01221784;0.03111093;0.02985686;0.01718422
0.01340983;0.01938886;-0.01245187;0.00152146;-0.00130976;0.01270562;-0.00233798;-0.00086718;0.00717598
-0.01548564;-0.02517918;-0.01731429;0.00304773;-0.00484946;0.00058572;0.0176013;-0.00031699;0.01132508
0.00138582;-0.0071334;0;0.00283619;0;-0.00583867;-0.01931391;-0.00243516;-0.01588222
0.01371628;0.01796655;0.02551439;-0.0000117;-0.0023268;-0.01124419;0.01766298;0.00055578;0.00344431
0.00352035;0.00817716;0.00404324;0.01220205;0.01156105;0.03186652;-0.02033468;0.01231068;0.0114554
-0.01443906;-0.02163535;-0.03501749;-0.01930271;-0.01648453;-0.00131211;0;-0.02169107;-0.00623349
-0.00562435;-0.0159773;-0.01362443;-0.00572958;-0.01116234;-0.03917607;-0.0080255;-0.00947019;-0.01596838
-0.01189723;-0.01453262;0.01091624;-0.0061834;-0.00812111;0.00179865;0.01093973;-0.00812487;0.00072363
0.01186574;0.01500621;-0.00595934;0.01960698;0.01142983;-0.01041371;-0.00611345;0.01590148;0.0017334
0.01020301;0.01265295;0.02907982;0.01193237;0.00912087;0.01090741;0.02521655;0.01517394;0.01002045
0.00490576;0.01516332;0.00437011;-0.00144741;0.00606051;0.01689575;0.00877988;0.00707027;0.00877387
0.01005563;0.01746252;-0.00180632;0.01267923;0.00740901;0.01783035;-0.00113263;0.01186348;0.0078779
0.01306787;0.00756769;0.02322247;0.00813822;0.00301347;0.00081345;0.01420614;0.00659392;0.00718841
-0.00032635;0.00587831;-0.00055609;0.00256511;0.0038448;0.01796687;0.00478355;0.00098903;0.00333261
0.00861658;0.01079917;0.00128214;0.00525679;0.00305;-0.00675256;-0.00324846;0.00246509;0.00260637
0.00251849;0.00683658;0.00131629;-0.00105462;-0.00059021;-0.00043812;-0.00159716;0.00221193;0.00213478
0.00424647;0.00819359;-0.00386425;0.01214888;0.00915655;0.0240203;0.00604951;0.00995611;0.01732694
-0.00472805;-0.0112549;-0.01620132;-0.0038099;-0.00988051;-0.01229642;-0.00027769;-0.00796096;-0.00691279
-0.01949574;-0.0221311;-0.00298992;-0.01034517;-0.01314105;-0.01888501;0.00537044;-0.01317625;-0.00206835
0.00016616;-0.00802418;-0.01694619;-0.0144548;-0.01523568;0.00046746;-0.01894756;-0.01780073;-0.00671671
-0.0009202;-0.00359084;0.00285522;-0.00736582;-0.01058482;-0.01941094;0.01377768;-0.00795352;-0.00231073
0.01013176;0.01695115;-0.00203595;0.01416793;0.00498113;-0.00448141;-0.00928336;0.00912492;0.00053971
-0.02181577;-0.02844306;-0.03150827;-0.03389304;-0.03154709;-0.01279774;-0.03561306;-0.03490299;-0.02103289
-0.00683044;-0.00619495;-0.01016443;0.00226389;0.00054928;-0.01984204;-0.01695535;0.00220193;-0.00696218
-0.00558051;-0.00767762;-0.00324575;-0.01828529;-0.02285473;-0.02057115;0.00491112;-0.0224017;-0.00681968
0.02000907;0.02605659;-0.00467329;-0.00398236;0.00669856;0.00131664;0.00316306;0.00356058;0.00051392
0.00141982;0.00737523;0.00534469;-0.00308146;-0.00302228;0.0068293;-0.00924002;-0.00373859;-0.00092697
0.01906225;0.02292261;0;0.02122698;0.02891349;0.00766042;0.01952393;0.02636286;0.01558694
0.00019016;-0.00071372;0.03085006;0.00869466;0.00998024;-0.00627255;0.01945031;0.01293822;0.00098698
0.00958515;0.01533558;0.00936867;0.00711645;0.01792485;0.02722301;0.00302935;0.01223278;0.0075051
-0.00340081;-0.00236654;0.0071781;0.0048889;0.00535241;0.00518592;-0.00816228;0.00590626;0.00860591
0.00730368;0.00245442;0.0007326;0.00196831;0.00662145;-0.00388953;0;0.0039204;0.00222803
0.01223734;0.01255716;0.01526185;0.0185752;0.01992785;-0.00114014;0.01146515;0.0188085;0.00391051
0.00038875;0.00966384;-0.00015522;0.00300463;-0.00332558;0.02669347;-0.00325562;-0.0000734;0.00361627
-0.01054227;-0.007802;0.00119545;-0.00977424;-0.00806518;-0.01126353;0.00015752;-0.0092171;-0.00487016
0.00068325;0.00474386;-0.02924293;-0.0178993;-0.01010597;-0.02903436;-0.01827943;-0.01567489;-0.00647278
0.00664812;0.00160952;0.00596407;-0.00517206;-0.00205682;-0.01153479;0.0152507;-0.00339961;0.00010505
0.00194908;0.00488972;0.01135189;-0.00695025;-0.00171077;0;0.01825348;-0.00320276;0.00719669
0.02152365;0.02704045;-0.01290269;0.00382845;0.01450659;-0.0023284;0.00021716;0.00944534;0.00888012
0.00711493;0.00875917;0.02226362;0.02502;0.01884483;-0.00626498;0.01952068;0.0215109;0.00618863
-0.01040028;-0.00650197;0.00818643;0.00393063;-0.00022585;0.02252742;0.00870749;0.00094104;0.00733642
0.003504;0.00297695;0.01113793;0.00450952;0.00722079;0.00767909;0.00180769;0.00650243;0.00230446
0.01370654;0.01868098;-0.00104987;0.00211265;0.0027247;-0.00071682;0.00347064;0.00550249;0.00200697
0.00124887;0.00258002;-0.00694607;-0.00458089;-0.00860993;0.02664245;0.00200776;-0.00455477;0.00077242
0.00549689;0.00542919;-0.00416731;-0.00718556;-0.00107206;-0.00588712;0.00218298;-0.00320767;0.00143227
-0.01443642;-0.01530167;0.0000635;0.00216077;-0.01059412;-0.01650507;0.00834398;-0.00616591;-0.00329498
0.01371107;0.02212506;0.02178352;0.0231777;0.02611105;0.00345517;0.01473209;0.02519483;0.01574922
-0.01018028;-0.00641548;-0.00480787;0.00250476;-0.00011118;0.01284257;-0.0076183;0.00050104;-0.00249826
-0.00329813;-0.00806588;0.00603285;0.00370592;-0.00191047;-0.02133911;0.00403614;0.00076945;0.00157399
-0.00464566;-0.00591898;-0.00126939;0.00035531;-0.00379465;0.01719499;0.00204852;-0.00196108;-0.00064005
0.00251148;0.00573053;-0.00371088;-0.01174456;-0.00624406;-0.00122305;-0.00464446;-0.01019969;-0.00184614
0.00221718;0.00820761;0.00546807;0.01458567;0.01454009;-0.00724764;-0.00342756;0.01336795;0.00361153
-0.01202885;-0.01788782;-0.0059853;-0.01034204;-0.00632251;-0.00224226;-0.00946078;-0.0077525;-0.0099664
-0.01730205;-0.02565866;-0.02858333;-0.02125106;-0.02470563;-0.02740581;-0.0215476;-0.02491019;-0.01411308
0.0039309;-0.0038325;-0.00539328;-0.00307586;0.00397668;-0.00867426;0.00267161;0.00043235;-0.00531888
0.00164551;0.00694723;-0.0040317;-0.00404391;0.00176446;0.00442651;0.00450731;-0.00020876;0.00472527
0.00584745;0.00657854;0.00012045;0.0000262;0.00013268;-0.00615607;0.00658817;-0.00069033;0.00326644
0.01082305;0.02023813;0.01211846;0.01556096;0.01400283;-0.00381189;0.01313633;0.0142319;0.00480585
-0.00032782;-0.00032736;0.00148169;-0.00324223;-0.00893617;0.00857076;0.00079869;-0.00443828;0.00013058
-0.01004364;-0.01211858;-0.01708041;-0.0181354;-0.0174245;0.01313125;-0.01116533;-0.01655942;0.00113875
-0.00169151;-0.00996115;-0.0036697;-0.01158429;-0.00307497;-0.01977191;-0.00314456;-0.00987618;-0.00249624
0.00238915;-0.00039646;-0.00404853;0.00095705;0.00757427;-0.00685287;-0.01047809;0.00566602;-0.00146846
-0.00454859;-0.01397619;-0.01461878;-0.01263499;-0.01516755;-0.01342237;-0.01259758;-0.01537018;-0.00973058
-0.0057746;-0.00229026;0.00328398;-0.00607356;-0.00907911;-0.01678801;-0.0054325;-0.00932875;-0.00966244
0.01316561;0.0152746;-0.00771448;0.00221468;0.00904031;0.00688268;-0.0145491;0.00840956;-0.00075538
0.00486201;0.00585308;0.01645072;0.00650556;0.00884398;0.00945165;0.02654422;0.00833755;0.00508076
0.01050408;0.00681242;-0.01443788;-0.00437002;0.0045268;-0.01874867;-0.00673146;0.00037584;0.00200541
0.01181717;0.01537588;0.02907766;0.02642812;0.02666422;0.01160055;0.02916602;0.028945;0.01440466
0.0029655;0.00965795;0.00903991;-0.00000822;0.00085682;0.0150999;-0.00395875;0.00077736;0.0036541
0.00218456;0.00611426;0.01313236;0.00831042;0.01057505;0.00564342;-0.00193277;0.00950245;0.00504977
0.00167273;0.0055483;-0.01153745;0.00332312;0.00204283;0.02033037;0.00101929;0.00265062;0.00731407
-0.005814;-0.01222335;0;-0.00605399;-0.00578964;-0.00813074;-0.00510688;-0.00776093;-0.00189657
-0.00228537;-0.00228465;0.00641803;0.00758003;0.00404153;-0.0220714;0;0.00618009;-0.00364147
0.02689271;0.03679257;0.0207413;0.01565122;0.02470294;0.03240371;0.02416101;0.0203958;0.02241851
0.00350925;0.00095612;-0.00071333;0.0021903;0.00034133;-0.00241769;-0.00499548;0.00048469;0.00016578
0.01459756;0.01869935;0.00353491;-0.00215996;-0.00212173;0.02309324;0.00611199;-0.00329113;0.00332319
0.00527176;0.00621222;-0.00036449;-0.0019534;-0.00279388;-0.00074214;-0.0065405;-0.00338583;-0.00488258
0.00202547;-0.00066432;0.00082658;-0.00640321;-0.0057202;0.01218582;-0.00851941;-0.00511961;0.00310674
0.00667244;0.00660358;0.01509529;0.0135667;0.01692057;-0.00249426;0.01627783;0.01451075;0.00677113
-0.00256732;0.00032606;-0.00256737;-0.0029593;-0.00470539;0;-0.00693114;-0.00263623;0.00079196
0.00551167;0.01037803;-0.00483717;-0.01083771;-0.00436733;-0.00373427;0.00890894;-0.00954036;0.00031817
-0.00445382;-0.00688954;-0.00836618;-0.00381182;-0.00086494;-0.00994336;0.0068408;-0.00418782;-0.00023789
0.00076117;0.00231497;0.02097284;0.01819964;0.00922344;0;-0.00873062;0.01360593;0.00137715
0.00598766;0.01277985;-0.00568355;-0.00308654;-0.00449342;0.01378489;0.00905036;-0.00465391;0.00553358
0.0147845;0.01594248;0.00483873;-0.00044604;0.00089672;-0.01124475;0.00596913;0.00012994;-0.00096579
-0.000587;0.01018349;-0.00259114;-0.00465863;-0.00163262;0.00667749;0;-0.00372329;0.00614526
0.00339599;0.00878905;-0.00308846;-0.00286953;-0.00372373;-0.02007915;0.00291365;-0.00205212;0.00351221
-0.01364892;-0.01059654;0.00440668;-0.00284236;0.00795229;0.00371587;0.01144228;-0.0000564;0.00517492
0.00816949;0.00824221;-0.00806742;-0.01249535;-0.00661951;-0.00246683;0.00221884;-0.00841922;0.00492546
0.0131861;0.01130961;0.02064675;0.01321796;0.01426068;0.01457183;0.0126777;0.01577077;0.00348178
0.00895916;0.02759418;-0.00067221;0.00879351;0.00805857;0.0179774;-0.01046377;0.00736494;0.00495426
-0.00180741;0.00088613;-0.00164795;0.00087989;-0.00340283;-0.00068331;-0.00887097;0.0000776;-0.00529213
0.00684109;0.000196;0.00610364;0.00245387;-0.00079507;-0.00995459;0.01266298;-0.00071555;0.0009775
0.02617616;0.03779504;0.00014589;0.00283148;0.00261254;-0.02110365;0.00193291;0.00302371;0.00322638
0.0097368;0.00037387;0.00381142;-0.00078325;-0.00190577;0;0.01022299;-0.00281191;-0.00408514
0.00703383;0.01568416;0.00709582;0.02040248;0.01504104;0.00158258;0;0.01692324;0.01180225
-0.01350408;-0.00412852;-0.0036481;0.00321961;-0.00352082;0.01896089;0.00023715;-0.00261846;0.00503486
0.01256773;0.0076885;0.00202553;0.00572001;-0.00416427;-0.0087258;0.00192305;-0.00085113;-0.0031618
0.00507645;-0.00814098;0.00721762;0.00374051;0.00683217;-0.00018528;-0.0013095;0.00382699;-0.00522797
-0.00882763;-0.00769588;-0.0160047;-0.00398853;-0.0067445;0.00430299;-0.02644222;-0.00475292;-0.00603372
-0.00681323;-0.01132674;0.01046907;0.00520314;0.00437339;-0.01668551;0.00771379;0.00438164;0.00044238
0.01553185;0.02209617;0.00177237;0.01316446;0.00504929;-0.0005459;-0.01075287;0.00850481;0.00498487
0.00786829;0.00179629;0.00238645;-0.00078234;-0.00286974;0.00534272;-0.0017531;-0.00251091;0.0000892
-0.0011693;0.00852098;0.00214464;0.00503887;0.00184454;-0.00271406;0.00071886;0.00249715;0.00688119
-0.00250031;-0.00640193;0.0000169;-0.00383461;-0.00780156;-0.00253268;0.01653401;-0.00624031;0.00283012
-0.03098129;-0.0427355;-0.00269416;-0.006949;-0.01079873;0.00102854;-0.00242023;-0.00775805;-0.01015185
0.00705814;0.01443257;0.00163087;0.00559637;0.00857103;-0.02505936;0.01395928;0.00423976;0.01425355
-0.00802525;-0.00130669;0.00772939;0.00745902;0.01096763;0.0005744;0.00479557;0.0079555;0.00046552
0.0012021;0.00703944;0.00367129;-0.00550178;-0.00146006;0.02147095;0;-0.00542631;0.00599217
0.03298643;0.04267029;0.01909922;0.01750879;0.01960138;0;0.01505884;0.01641902;0.01073676
-0.00178199;-0.00437412;0.00391515;0.00289275;0.00214684;0.02815179;-0.00534331;-0.00112841;0.00416556
0.00228493;-0.00573413;-0.00212323;-0.00054796;-0.00433248;0.01104722;0.0006884;-0.00213749;0.0031282
0.00845291;0.00852324;-0.00808492;0.00551178;0.00429844;-0.00395627;-0.01355192;0.00581144;-0.00164429
-0.01382429;-0.01660256;0.00436659;-0.01006401;-0.00997263;0.01393415;-0.00057216;-0.01057097;-0.00222121
-0.00676993;-0.01187706;-0.00425121;0.00053112;-0.0002923;0.0031424;-0.00620307;-0.003419;-0.00765256
-0.00761788;-0.01733661;-0.0118787;0.00166444;-0.00315189;-0.01395388;-0.01169819;-0.0026169;-0.01137732
0.00637747;0.00637886;-0.00121821;0.00821608;0.0040457;0.01050524;-0.01048581;0.0069721;-0.00143908
-0.03004187;-0.03563273;0.0000751;0.00468404;-0.02427692;0.02885266;0;-0.01376248;-0.00182751
-0.0237018;-0.03754109;-0.01438704;-0.0173065;-0.01767034;-0.00844669;-0.0244223;-0.02000646;-0.01529999
0.01340629;-0.00044865;0.01481272;0.01756299;0.01348967;0;0.02436486;0.01021896;0.00559022
-0.00121819;0.00353471;-0.00749663;0.00815273;0.00736178;0.00493788;-0.00384198;0.00565677;0.0003669
-0.01502137;-0.02363107;0;-0.0044695;-0.00531336;-0.00399616;-0.01651344;-0.00582291;-0.00908814
-0.03188078;-0.03477944;-0.0013798;-0.02229524;-0.02098172;0.0085721;-0.00467188;-0.02011893;0.00054317
0.0197605;0.01117932;-0.00608875;-0.00141636;-0.00409774;-0.0188362;-0.00299382;-0.00551361;-0.00499791
0.01224802;0.0191463;0.02138671;0.02628531;0.02044688;0.00512019;0.02394843;0.02241687;0.0154636
0.01176449;0.016953;0.01273703;0.01316258;0.02192882;0.0179073;0.0026067;0.01900047;0.0116477
-0.00117923;0.0041029;0.00259991;-0.00142248;-0.00387392;0.0009633;0.00343162;-0.00135864;0.00213372
0.01266117;0.01035651;-0.00129911;0.00095813;0.00434194;-0.00109017;-0.00307211;-0.00018459;0.00295121
0.00238034;0.0081574;0.00051494;0.00681129;0.00659829;-0.00257333;-0.00308158;0.00813522;0.00106852
-0.00249096;-0.01246241;0.0036949;-0.00372592;-0.00241317;0.00895584;-0.01691517;0.00156935;-0.00764955
-0.02680508;-0.03185293;0.00383541;-0.00168005;0.00232709;0.00521977;-0.00435122;0.00230703;0.00096821
-0.0176762;-0.02008971;0.00598368;0.00601419;0.00086051;-0.00721348;0.0067978;0.0006814;-0.00089224
0.02472944;0.02218826;0.0000484;0.00330874;0.00818932;0.00799191;0.01140642;0.00568732;0.00515013
0.00194552;0.00468932;0.00091054;-0.00028314;0.0051736;0.00222021;-0.00555601;0.00294485;0.00297091
-0.01531002;-0.02670327;-0.00513563;-0.0015708;-0.00152887;-0.00067777;-0.0127808;-0.00306653;-0.0054337
-0.01646664;-0.01964118;0.00616603;0.00114381;-0.00018702;0.00014645;-0.00834473;0.00057085;-0.00528079
-0.01415067;-0.0169853;0.00083642;-0.00598994;-0.00158259;-0.00072374;0.00997887;-0.00357255;0.00362642
-0.00035583;-0.01739167;0.00254517;0.00516391;0.00336638;-0.00852042;-0.01060308;0.00373754;-0.00356499
0.02054386;0.01821724;0.00601198;0.0084262;0.01016609;0.01497288;0.01403931;0.01055667;0.0094689
0.00952841;0.01217666;0.00337387;-0.00142373;0.00531199;-0.00232177;0.00374582;0.00113109;0.00132698
0.01183008;0.0124789;-0.00164572;-0.00144843;0.00210358;-0.0065249;0.00021905;0.000888;-0.00020794
0.00073004;0.00423297;0.00061249;-0.01239785;0.00213245;0;-0.0100229;0.00018305;-0.00247485
0.00134576;0.000634;0;0;-0.00208241;0.00744363;0;-0.00586067;-0.00241669
0.00128541;0.00043838;0.00077105;0.00019652;0;-0.00613699;0.00350402;0.00020858;-0.00019553
0.00417148;-0.00558177;0.00100862;0.00334633;0;0.00503074;0.01330015;0.00192326;0.00786147
0.00153465;0.0084385;-0.00150934;-0.01168698;-0.00424487;-0.01123984;0.00510644;-0.00919071;0.00331358
-0.01231184;-0.0068611;-0.00019082;0;-0.01197902;0.0164041;0.00943518;-0.00615786;0.00278939
0.02400222;0.01751547;0.01125131;0.01086754;0.01913806;0;0;0.00963293;0.00816767
0.0090402;0.01104759;-0.00131389;-0.00206085;0;0;0.00507557;0.00657653;0.00423876
0.00885955;0.01178021;0.00499459;-0.00510667;0.00497604;-0.00166804;0.01093294;-0.00054829;-0.00118012
0.00698236;0.00685022;-0.00212515;0.0059722;-0.0040453;0.01425048;-0.0072281;-0.00062024;-0.00264603
-0.00783512;-0.01875485;-0.00184651;-0.00481722;-0.00586483;0.00107068;-0.00742345;-0.0054614;-0.00681971
-0.01310876;-0.02632467;-0.00137728;-0.01315204;-0.00468989;-0.00288433;0.00099869;-0.00984571;-0.00670868
-0.00303548;0.00179477;0.00371822;0.0122492;0.0096406;0;0.00421203;0.01263804;0.00477261
0.00376053;0.00906405;0.00896727;0.01815993;0.00608388;0.00020168;0.01703595;0.01439673;0.01187223
0.00954678;0.01629759;-0.00171225;0.00089509;-0.00443908;0.00729393;-0.0128133;-0.00036749;-0.00210932
-0.01019905;-0.00470023;0.00735743;0.0000834;-0.00362548;-0.00860367;0.00309189;-0.00076124;0.00023762
-0.01556341;-0.0153677;0.00137544;0.00033348;-0.00273612;0.00036378;-0.00467683;-0.00214676;-0.00453671
-0.00604941;0.00457953;0;0.00919599;0.01174227;0.00153364;0.00439487;0.01099479;0.00240588
0.00052073;-0.00320901;-0.01016719;-0.00853219;-0.01324699;0.00361738;-0.01222901;-0.01064461;0.00108577
-0.01783504;-0.03165166;-0.00129577;-0.00829237;-0.01837176;-0.01141173;-0.00710503;-0.01008788;-0.01044202
0.00974406;-0.00051083;0.00241066;0.00541647;0.00482822;-0.01571984;-0.00618626;0.00839604;-0.00685352
-0.01106708;-0.00742625;0.00581932;0.00075724;0.00804045;0.0068469;0.00424366;0.00415798;-0.00114476
-0.00074888;0.00463865;0.00026336;-0.0012402;-0.00441762;0.01146699;-0.01039565;-0.00404415;-0.00088549
0.01232609;0.0054044;0.00421206;0.00963468;0.00866506;-0.00599245;0;0.0070969;0.00501853
-0.01408211;-0.01497642;0.00224177;0.00395298;-0.0006871;0.00735233;-0.00962277;0.00191942;-0.0011489
-0.02849818;-0.03859897;-0.01801375;-0.0074034;-0.01413099;-0.01135575;-0.02008246;-0.0104778;-0.00991192
0.00105622;-0.00888303;0.00763333;-0.00357116;-0.00315047;-0.01188658;-0.00184584;-0.00264951;-0.00578872
0.02411579;0.03525682;0.01655581;0.014976;0.01605692;0.00356662;0.01892604;0.01508859;0.00622387
0.00744676;0.01423862;-0.00272628;-0.0000835;0.00707485;0.01764094;-0.01723014;0.00161782;0.00363132
-0.02447813;-0.02785019;0.00235147;0.00139247;-0.00280388;-0.00248938;0.00115396;-0.00288347;0.00047606
0.02450661;0.01395923;0.0028801;0.00312702;0.00235379;0.0106948;-0.0226618;0.00276115;-0.00318494
-0.0061961;0.00855289;0.00622074;0.00929811;0.00889751;0.00459132;0.00142386;0.00821668;-0.00334572
0.00535559;0.00688571;0.0041761;0.00542486;0.00663798;0.00413982;0.00623796;0.00398028;-0.00449899
0.00482299;-0.00325487;-0.0027897;-0.00031958;-0.00642316;-0.00170793;-0.02389547;-0.00302406;-0.01424856
-0.01766443;-0.0249206;0.00074922;0.00264372;-0.00535111;-0.00114779;0.00559025;-0.00374242;-0.01475963
0.00478229;0.00641822;0.00549224;0.00420353;0.00710097;0.01124094;0.01807713;0.00472719;0.00393088
-0.00249793;0.00040451;0.00238214;0.00344398;-0.00046193;0;0.01212283;0.00016853;0.01344805
0.00360638;0.00089272;-0.0032402;0.00046092;-0.00380254;0.00196813;-0.00326564;-0.00054988;-0.00143045
0.00859906;0.0133999;0.00623799;0.00192516;0.00795226;0.00571749;0.01837079;0.00697461;0.00303899
0.00931031;0.0159772;0.00307089;-0.00118625;0.00034503;0.00261955;0.00168569;-0.00058052;0.00103859
0.00019097;-0.0016526;0.00192291;0.00287211;-0.00072307;0.00056828;0.00562793;0.00057157;0.00693787
-0.01306904;-0.01370599;-0.02074215;-0.01423886;-0.0112749;0.00135758;-0.01194168;-0.01261533;-0.00095774
-0.00724632;-0.01944185;0;-0.00047267;-0.00299711;-0.01791963;-0.01225155;-0.00546489;-0.01429693
